{
"type": "FeatureCollection",
"name": "americas_basemap",
"crs": { "type": "name", "properties": { "name": "urn:ogc:def:crs:OGC:1.3:CRS84" } },
"features": [
{ "type": "Feature", "properties": { "pop_est": 603253, "continent": "Africa", "name": "W. Sahara", "iso_a3": "ESH", "gdp_md_est": 906.5 }, "geometry": { "type": "Polygon", "coordinates": [ [ [ -8.665124477564191, 27.589479071558227 ], [ -8.684399786809053, 27.395744126896005 ], [ -8.6872936670174, 25.881056219988906 ], [ -11.969418911171161, 25.933352769468268 ], [ -11.937224493853321, 23.374594224536168 ], [ -12.874221564169575, 23.284832261645178 ], [ -13.118754441774712, 22.771220201096256 ], [ -12.929101935263532, 21.327070624267563 ], [ -16.845193650773993, 21.333323472574879 ], [ -17.063423224342571, 20.999752102130827 ], [ -17.020428432675772, 21.422310288981578 ], [ -17.002961798561088, 21.420734157796577 ], [ -14.750954555713534, 21.500600083903663 ], [ -14.630832688851072, 21.860939846274903 ], [ -14.221167771857253, 22.310163072188161 ], [ -13.891110398809047, 23.691009019459305 ], [ -12.50096269372537, 24.7701162785782 ], [ -12.030758836301629, 26.030866197203068 ], [ -11.718219773800357, 26.104091701760623 ], [ -11.392554897497007, 26.883423977154393 ], [ -10.551262579785273, 26.990807603456886 ], [ -10.189424200877582, 26.860944729107405 ], [ -9.735343390328879, 26.860944729107405 ], [ -9.41303748212448, 27.088476060488574 ], [ -8.794883999049077, 27.120696316022507 ], [ -8.817828334986672, 27.656425889592356 ], [ -8.665589565454809, 27.656425889592356 ], [ -8.665124477564191, 27.589479071558227 ] ] ] } },
{ "type": "Feature", "properties": { "pop_est": 35623680, "continent": "North America", "name": "Canada", "iso_a3": "CAN", "gdp_md_est": 1674000.0 }, "geometry": { "type": "MultiPolygon", "coordinates": [ [ [ [ -122.97421, 49.002537777777782 ], [ -124.91024, 49.98456 ], [ -125.0, 50.038840442907741 ], [ -125.0, 55.0 ], [ -82.300825373246354, 55.0 ], [ -82.4362, 54.28227 ], [ -82.12502, 53.27703 ], [ -81.40075, 52.15788 ], [ -79.91289, 51.20842 ], [ -79.14301, 51.53393 ], [ -78.60191, 52.56208 ], [ -79.12421, 54.14145 ], [ -79.82958, 54.66772 ], [ -78.694753734986023, 55.0 ], [ -58.311217270477187, 55.0 ], [ -57.97508, 54.94549 ], [ -57.3332, 54.6265 ], [ -56.93689, 53.78032 ], [ -56.15811, 53.64749 ], [ -55.75632, 53.27036 ], [ -55.68338, 52.14664 ], [ -56.40916, 51.7707 ], [ -57.12691, 51.41972 ], [ -58.77482, 51.0643 ], [ -60.03309, 50.24277 ], [ -61.72366, 50.08046 ], [ -63.86251, 50.29099 ], [ -65.36331, 50.2982 ], [ -66.39905, 50.22897 ], [ -67.23631, 49.51156 ], [ -68.51114, 49.06836 ], [ -69.95362, 47.74488 ], [ -71.10458, 46.82171 ], [ -70.25522, 46.98606 ], [ -68.65, 48.3 ], [ -66.55243, 49.1331 ], [ -65.05626, 49.23278 ], [ -64.17099, 48.74248 ], [ -65.11545, 48.07085 ], [ -64.79854, 46.99297 ], [ -64.47219, 46.23849 ], [ -63.17329, 45.73902 ], [ -61.52072, 45.88377 ], [ -60.51815, 47.00793 ], [ -60.4486, 46.28264 ], [ -59.80287, 45.9204 ], [ -61.03988, 45.26525 ], [ -63.25471, 44.67014 ], [ -64.24656, 44.26553 ], [ -65.36406, 43.54523 ], [ -66.1234, 43.61867 ], [ -66.16173, 44.46512 ], [ -64.42549, 45.29204 ], [ -66.02605, 45.25931 ], [ -67.13741, 45.13753 ], [ -67.79134, 45.70281 ], [ -67.79046, 47.06636 ], [ -68.23444, 47.35486 ], [ -68.905, 47.185 ], [ -69.237216, 47.447781 ], [ -69.99997, 46.69307 ], [ -70.305, 45.915 ], [ -70.66, 45.46 ], [ -71.08482, 45.30524000000014 ], [ -71.405, 45.255 ], [ -71.50506, 45.0082 ], [ -73.34783, 45.00738 ], [ -74.867, 45.00048 ], [ -75.31821, 44.81645 ], [ -76.375, 44.09631 ], [ -76.5, 44.018458893758648 ], [ -76.820034145805579, 43.628784288093755 ], [ -77.737885097957701, 43.629055589363283 ], [ -78.720279914042351, 43.625089423184932 ], [ -79.171673550111862, 43.466339423184259 ], [ -79.01, 43.27 ], [ -78.92, 42.965 ], [ -78.939362148743754, 42.863611355147981 ], [ -80.247447679347943, 42.366199856122549 ], [ -81.277746548167158, 42.209025987306816 ], [ -82.439277716791594, 41.675105088867326 ], [ -82.690089280920233, 41.675105088867326 ], [ -83.029810146806994, 41.832795722005983 ], [ -83.14199968131264, 41.975681057292874 ], [ -83.12, 42.08 ], [ -82.9, 42.43 ], [ -82.43, 42.98 ], [ -82.137642381503952, 43.571087551439973 ], [ -82.337763125431138, 44.44 ], [ -82.550924648758212, 45.347516587905432 ], [ -83.592850714843109, 45.816893622412522 ], [ -83.469550747394692, 45.994686387712534 ], [ -83.616130947590591, 46.116926988299014 ], [ -83.89076534700574, 46.116926988299014 ], [ -84.091851264161505, 46.27541860613826 ], [ -84.142119513673407, 46.512225857115709 ], [ -84.3367, 46.40877 ], [ -84.6049, 46.4396 ], [ -84.543748745445839, 46.538684190449146 ], [ -84.779238247399917, 46.637101955749017 ], [ -84.876079881514897, 46.900083319682381 ], [ -85.652363247403414, 47.220218817730512 ], [ -86.461990831228263, 47.553338019392001 ], [ -87.439792623300278, 47.94 ], [ -88.378114183286712, 48.302917588893706 ], [ -89.272917446636654, 48.019808254582813 ], [ -89.6, 48.010000000000105 ], [ -90.83, 48.27 ], [ -91.64, 48.14 ], [ -92.61, 48.45 ], [ -93.63087, 48.60926 ], [ -94.32914, 48.67074 ], [ -94.64, 48.84 ], [ -94.81758, 49.38905 ], [ -95.15609, 49.38425 ], [ -95.159069509172056, 49.0 ], [ -97.228720000004799, 49.0007 ], [ -100.65, 49.000000000000114 ], [ -104.04826, 48.99986 ], [ -107.05, 49.0 ], [ -110.05, 49.0 ], [ -113.0, 49.0 ], [ -116.04818, 49.0 ], [ -117.03121, 49.0 ], [ -120.0, 49.000000000000114 ], [ -122.84, 49.000000000000114 ], [ -122.97421, 49.002537777777782 ] ] ], [ [ [ -56.134035814017089, 50.687009792679277 ], [ -56.795881720595276, 49.812308661490889 ], [ -56.143105027884332, 50.150117499382858 ], [ -55.471492275602998, 49.935815334668462 ], [ -55.822401089080962, 49.58712860777905 ], [ -54.935142584845636, 49.313010972686797 ], [ -54.473775397343786, 49.556691189159125 ], [ -53.476549445191367, 49.249138902374042 ], [ -53.786013759971254, 48.516780503933624 ], [ -53.086133999226263, 48.687803656603577 ], [ -52.958648240762216, 48.157164211614472 ], [ -52.648098720904208, 47.535548407575519 ], [ -53.069158291218386, 46.655498765644921 ], [ -53.521456264853001, 46.618291734394766 ], [ -54.178935512902513, 46.807065741556983 ], [ -53.961868659060499, 47.62520701760193 ], [ -54.240482143762137, 47.752279364607645 ], [ -55.400773078011568, 46.884993801453135 ], [ -55.997480841685828, 46.919720363953275 ], [ -55.291219041552793, 47.389562486350989 ], [ -56.250798712780586, 47.632545070987376 ], [ -57.325229254777078, 47.572807115257973 ], [ -59.266015184146823, 47.603347886742469 ], [ -59.419494188053676, 47.899453843774886 ], [ -58.796586473207441, 48.251525376979423 ], [ -59.23162451845657, 48.523188381537807 ], [ -58.391804979065199, 49.125580552764177 ], [ -57.35868974468606, 50.718274034215867 ], [ -56.738650071832026, 51.287438259478549 ], [ -55.870976935435323, 51.632094224649208 ], [ -55.406974249886588, 51.588272610065701 ], [ -55.600218268442056, 51.317074693397942 ], [ -56.134035814017089, 50.687009792679277 ] ] ], [ [ [ -124.012890788399545, 48.370846259141388 ], [ -125.0, 48.643849038074279 ], [ -125.0, 49.551379427491895 ], [ -124.920768189119343, 49.475274970083376 ], [ -123.922508708321061, 49.062483628935809 ], [ -123.510001587551187, 48.510010891303409 ], [ -124.012890788399545, 48.370846259141388 ] ] ], [ [ [ -64.17322, 49.95718 ], [ -62.85829, 49.70641 ], [ -61.835585, 49.28855 ], [ -61.806305, 49.10506 ], [ -62.29318, 49.08717 ], [ -63.58926, 49.40069 ], [ -64.51912, 49.87304 ], [ -64.17322, 49.95718 ] ] ], [ [ [ -63.6645, 46.55001 ], [ -62.9393, 46.41587 ], [ -62.01208, 46.44314 ], [ -62.50391, 46.03339 ], [ -62.87433, 45.96818 ], [ -64.1428, 46.39265 ], [ -64.39261, 46.72747 ], [ -64.01486, 47.03601 ], [ -63.6645, 46.55001 ] ] ] ] } },
{ "type": "Feature", "properties": { "pop_est": 326625791, "continent": "North America", "name": "United States of America", "iso_a3": "USA", "gdp_md_est": 18560000.0 }, "geometry": { "type": "Polygon", "coordinates": [ [ [ -120.0, 49.000000000000114 ], [ -117.03121, 49.0 ], [ -116.04818, 49.0 ], [ -113.0, 49.0 ], [ -110.05, 49.0 ], [ -107.05, 49.0 ], [ -104.04826, 48.99986 ], [ -100.65, 49.000000000000114 ], [ -97.228720000004799, 49.0007 ], [ -95.159069509172056, 49.0 ], [ -95.15609, 49.38425 ], [ -94.81758, 49.38905 ], [ -94.64, 48.84 ], [ -94.32914, 48.67074 ], [ -93.63087, 48.60926 ], [ -92.61, 48.45 ], [ -91.64, 48.14 ], [ -90.83, 48.27 ], [ -89.6, 48.010000000000105 ], [ -89.272917446636654, 48.019808254582813 ], [ -88.378114183286712, 48.302917588893706 ], [ -87.439792623300278, 47.94 ], [ -86.461990831228263, 47.553338019392001 ], [ -85.652363247403414, 47.220218817730512 ], [ -84.876079881514897, 46.900083319682381 ], [ -84.779238247399917, 46.637101955749017 ], [ -84.543748745445839, 46.538684190449146 ], [ -84.6049, 46.4396 ], [ -84.3367, 46.40877 ], [ -84.142119513673407, 46.512225857115709 ], [ -84.091851264161505, 46.27541860613826 ], [ -83.89076534700574, 46.116926988299014 ], [ -83.616130947590591, 46.116926988299014 ], [ -83.469550747394692, 45.994686387712534 ], [ -83.592850714843109, 45.816893622412522 ], [ -82.550924648758212, 45.347516587905432 ], [ -82.337763125431138, 44.44 ], [ -82.137642381503952, 43.571087551439973 ], [ -82.43, 42.98 ], [ -82.9, 42.43 ], [ -83.12, 42.08 ], [ -83.14199968131264, 41.975681057292874 ], [ -83.029810146806994, 41.832795722005983 ], [ -82.690089280920233, 41.675105088867326 ], [ -82.439277716791594, 41.675105088867326 ], [ -81.277746548167158, 42.209025987306816 ], [ -80.247447679347943, 42.366199856122549 ], [ -78.939362148743754, 42.863611355147981 ], [ -78.92, 42.965 ], [ -79.01, 43.27 ], [ -79.171673550111862, 43.466339423184259 ], [ -78.720279914042351, 43.625089423184932 ], [ -77.737885097957701, 43.629055589363283 ], [ -76.820034145805579, 43.628784288093755 ], [ -76.5, 44.018458893758648 ], [ -76.375, 44.09631 ], [ -75.31821, 44.81645 ], [ -74.867, 45.00048 ], [ -73.34783, 45.00738 ], [ -71.50506, 45.0082 ], [ -71.405, 45.255 ], [ -71.08482, 45.30524000000014 ], [ -70.66, 45.46 ], [ -70.305, 45.915 ], [ -69.99997, 46.69307 ], [ -69.237216, 47.447781 ], [ -68.905, 47.185 ], [ -68.23444, 47.35486 ], [ -67.79046, 47.06636 ], [ -67.79134, 45.70281 ], [ -67.13741, 45.13753 ], [ -66.96466, 44.809700000000134 ], [ -68.03252, 44.3252 ], [ -69.06, 43.98 ], [ -70.11617, 43.684050000000127 ], [ -70.645475633411024, 43.090238348964021 ], [ -70.81489, 42.8653 ], [ -70.825, 42.335 ], [ -70.495, 41.805 ], [ -70.08, 41.78 ], [ -70.185, 42.145 ], [ -69.88497, 41.92283 ], [ -69.96503, 41.63717000000014 ], [ -70.64, 41.475 ], [ -71.12039, 41.494450000000143 ], [ -71.86, 41.32 ], [ -72.295, 41.27 ], [ -72.87643, 41.22065 ], [ -73.71, 40.931102351654488 ], [ -72.24126, 41.119480000000124 ], [ -71.944999999999879, 40.93 ], [ -73.345, 40.63 ], [ -73.982, 40.628 ], [ -73.952325, 40.75075 ], [ -74.25671, 40.47351 ], [ -73.96244, 40.42763 ], [ -74.17838, 39.70926 ], [ -74.90604, 38.93954 ], [ -74.98041, 39.1964 ], [ -75.20002, 39.248450000000105 ], [ -75.52805, 39.4985 ], [ -75.32, 38.96 ], [ -75.071834764789855, 38.782032230179254 ], [ -75.05673, 38.40412 ], [ -75.37747, 38.01551 ], [ -75.94023, 37.21689 ], [ -76.03127, 37.2566 ], [ -75.722049999999854, 37.937050000000113 ], [ -76.23287, 38.319215 ], [ -76.35, 39.15 ], [ -76.542725, 38.717615 ], [ -76.32933, 38.08326 ], [ -76.989997931613516, 38.239991766913363 ], [ -76.30162, 37.917945 ], [ -76.25874, 36.9664 ], [ -75.9718, 36.89726 ], [ -75.868039999999894, 36.55125 ], [ -75.72749, 35.550740000000133 ], [ -76.36318, 34.808540000000107 ], [ -77.397635, 34.51201 ], [ -78.05496, 33.92547 ], [ -78.554349999999886, 33.861330000000123 ], [ -79.06067, 33.49395 ], [ -79.20357, 33.15839 ], [ -80.301325, 32.509355 ], [ -80.86498, 32.0333 ], [ -81.33629, 31.44049 ], [ -81.49042, 30.7299900000001 ], [ -81.31371, 30.03552 ], [ -80.98, 29.180000000000121 ], [ -80.535585, 28.47213 ], [ -80.529999999999859, 28.04 ], [ -80.056539284977589, 26.880000000000109 ], [ -80.088015, 26.205765 ], [ -80.13156, 25.816775 ], [ -80.38103, 25.20616 ], [ -80.68, 25.08 ], [ -81.17213, 25.201260000000104 ], [ -81.33, 25.64 ], [ -81.709999999999866, 25.87 ], [ -82.24, 26.730000000000132 ], [ -82.70515, 27.49504 ], [ -82.85526, 27.88624 ], [ -82.65, 28.550000000000125 ], [ -82.93, 29.1 ], [ -83.70959, 29.93656 ], [ -84.1, 30.09 ], [ -85.10882, 29.63615 ], [ -85.28784, 29.68612000000013 ], [ -85.7731, 30.15261 ], [ -86.4, 30.4 ], [ -87.53036, 30.27433 ], [ -88.41782, 30.3849 ], [ -89.18049, 30.31598 ], [ -89.593831178419805, 30.159994004836847 ], [ -89.413735, 29.89419 ], [ -89.43, 29.48864 ], [ -89.21767, 29.29108 ], [ -89.40823, 29.15961 ], [ -89.77928, 29.307140000000118 ], [ -90.15463, 29.11743 ], [ -90.880225, 29.148535 ], [ -91.626785, 29.677000000000135 ], [ -92.49906, 29.5523 ], [ -93.22637, 29.78375 ], [ -93.84842, 29.71363 ], [ -94.69, 29.480000000000132 ], [ -95.60026, 28.73863 ], [ -96.59404, 28.30748 ], [ -97.139999999999873, 27.83 ], [ -97.37, 27.38 ], [ -97.38, 26.69 ], [ -97.33, 26.21 ], [ -97.139999999999873, 25.87 ], [ -97.53, 25.84 ], [ -98.24, 26.06 ], [ -99.02, 26.37 ], [ -99.3, 26.84 ], [ -99.52, 27.54 ], [ -100.11, 28.110000000000127 ], [ -100.45584, 28.696120000000121 ], [ -100.9576, 29.380710000000136 ], [ -101.6624, 29.7793 ], [ -102.48, 29.76 ], [ -103.11, 28.97 ], [ -103.94, 29.27 ], [ -104.456969999999899, 29.57196 ], [ -104.70575, 30.12173 ], [ -105.03737, 30.64402 ], [ -105.63159, 31.08383 ], [ -106.1429, 31.39995 ], [ -106.50758999999988, 31.75452 ], [ -108.24, 31.754853718166373 ], [ -108.24194, 31.34222 ], [ -109.035, 31.341940000000136 ], [ -111.02361, 31.33472 ], [ -113.30498, 32.03914 ], [ -114.815, 32.52528 ], [ -114.72139, 32.72083 ], [ -115.99135, 32.612390000000119 ], [ -117.127759999999853, 32.53534 ], [ -117.295937691273934, 33.046224615203869 ], [ -117.944, 33.621236431201396 ], [ -118.410602275897531, 33.740909223124447 ], [ -118.519894822799756, 34.027781577575752 ], [ -119.081, 34.078 ], [ -119.438840642016714, 34.34847717828427 ], [ -120.36778, 34.44711 ], [ -120.62286, 34.60855 ], [ -120.74433, 35.156860000000108 ], [ -121.71457, 36.16153 ], [ -122.54747, 37.551760000000115 ], [ -122.51201, 37.783390000000111 ], [ -122.95319, 38.11371 ], [ -123.7272, 38.951660000000118 ], [ -123.86517, 39.76699 ], [ -124.39807, 40.3132 ], [ -124.17886, 41.142020000000116 ], [ -124.2137, 41.999640000000113 ], [ -124.53284, 42.765990000000102 ], [ -124.14214, 43.70838 ], [ -124.020535, 44.615895 ], [ -123.89893, 45.52341 ], [ -124.079635, 46.86475 ], [ -124.39567, 47.72017000000011 ], [ -124.687210083007812, 48.184432983398551 ], [ -124.56610107421875, 48.379714965820369 ], [ -123.12, 48.04 ], [ -122.58736, 47.096 ], [ -122.34, 47.36 ], [ -122.5, 48.18 ], [ -122.84, 49.000000000000114 ], [ -120.0, 49.000000000000114 ] ] ] } },
{ "type": "Feature", "properties": { "pop_est": 44293293, "continent": "South America", "name": "Argentina", "iso_a3": "ARG", "gdp_md_est": 879400.0 }, "geometry": { "type": "MultiPolygon", "coordinates": [ [ [ [ -68.25, -53.1 ], [ -67.75, -53.85 ], [ -66.45, -54.45 ], [ -65.05, -54.7 ], [ -65.5, -55.2 ], [ -66.45, -55.25 ], [ -66.95992, -54.89681 ], [ -67.56244, -54.87001 ], [ -68.63335, -54.8695 ], [ -68.634010227583232, -52.636370458874488 ], [ -68.25, -53.1 ] ] ], [ [ [ -57.874937303281882, -31.016556084926208 ], [ -58.142440355040762, -32.044503676076154 ], [ -58.132647671121447, -33.040566908502015 ], [ -58.349611172098875, -33.263188978815407 ], [ -58.427074144104388, -33.909454441057576 ], [ -58.495442064026548, -34.431489760070079 ], [ -57.225829637263658, -35.288026625307879 ], [ -57.36235877137878, -35.977390232081476 ], [ -56.737487352105447, -36.413125909166553 ], [ -56.78828528504836, -36.901571547189334 ], [ -57.749156867083457, -38.183870538079887 ], [ -59.231857062401893, -38.720220228837235 ], [ -61.237445237865643, -38.928424574541197 ], [ -62.335956997310127, -38.827707208004334 ], [ -62.125763108962936, -39.424104913084847 ], [ -62.330530971919494, -40.172586358400338 ], [ -62.145994432205214, -40.676896661136723 ], [ -62.745802781816984, -41.028761488612098 ], [ -63.77049475773255, -41.166789239263693 ], [ -64.732089809819726, -40.802677097335149 ], [ -65.118035244391578, -41.064314874028909 ], [ -64.978560553635816, -42.05800099056934 ], [ -64.303407965742494, -42.359016208669509 ], [ -63.755947842042389, -42.043686618824495 ], [ -63.458059048095876, -42.563138116222405 ], [ -64.378803880456331, -42.873558444999688 ], [ -65.181803961839748, -43.495380954767796 ], [ -65.328823411710133, -44.501366062193696 ], [ -65.565268927661606, -45.036785577169795 ], [ -66.509965786389344, -45.039627780945857 ], [ -67.29379391139247, -45.55189625425519 ], [ -67.580546434180079, -46.30177296324257 ], [ -66.597066413017288, -47.033924655953825 ], [ -65.64102657740149, -47.23613453551193 ], [ -65.985088263600787, -48.133289076531135 ], [ -67.166178961847692, -48.697337334996945 ], [ -67.816087612566434, -49.869668877970383 ], [ -68.728745083273211, -50.264218438518832 ], [ -69.138539191347775, -50.732510267947795 ], [ -68.81556148952356, -51.771104011594126 ], [ -68.149994879820383, -52.349983406127677 ], [ -68.571545376241332, -52.299443855346226 ], [ -69.49836218939609, -52.142760912637272 ], [ -71.914803839796377, -52.009022305865898 ], [ -72.329403856074066, -51.42595631287243 ], [ -72.309973517532342, -50.677009779666321 ], [ -72.975746832964688, -50.741450290734285 ], [ -73.328050910114527, -50.378785088909915 ], [ -73.415435757120093, -49.318436374712967 ], [ -72.648247443314943, -48.878618259476831 ], [ -72.331160854772008, -48.244238376661798 ], [ -72.447355312780275, -47.738532810253517 ], [ -71.917258470330239, -46.884838148791772 ], [ -71.552009446891276, -45.560732924177103 ], [ -71.659315558545359, -44.973688653341426 ], [ -71.222778896759763, -44.784242852559416 ], [ -71.329800788036223, -44.407521661151655 ], [ -71.793622606071935, -44.207172133156064 ], [ -71.464056159130507, -43.787611179378345 ], [ -71.915423956983886, -43.408564548517447 ], [ -72.14889807807856, -42.254888197601375 ], [ -71.746803758415496, -42.051386407235981 ], [ -71.915734015577627, -40.832339369470688 ], [ -71.680761277946488, -39.808164157878046 ], [ -71.413516608349056, -38.916022230791143 ], [ -70.814664272734689, -38.552995293940739 ], [ -71.11862504747549, -37.576827487947241 ], [ -71.12188066270987, -36.658123874662323 ], [ -70.364769253201644, -36.005088799789917 ], [ -70.388049485949125, -35.169687595359491 ], [ -69.817309129501524, -34.1935714657983 ], [ -69.814776984319224, -33.273886000299825 ], [ -70.074399380153594, -33.091209812148051 ], [ -70.53506893581951, -31.365010267870311 ], [ -69.919008348251936, -30.336339206668281 ], [ -70.013550381129917, -29.367922865518572 ], [ -69.656130337183171, -28.459141127233686 ], [ -69.001234910748252, -27.52121388113618 ], [ -68.295541551370434, -26.899339694935779 ], [ -68.594799770772681, -26.506908868111296 ], [ -68.386001146097357, -26.185016371365215 ], [ -68.41765296087614, -24.518554782816881 ], [ -67.328442959244171, -24.02530323659095 ], [ -66.9852339341777, -22.986348565362839 ], [ -67.106673550063604, -22.735924574476417 ], [ -66.273339402924847, -21.83231047942072 ], [ -64.964892137294612, -22.075861504812327 ], [ -64.377021043542257, -22.79809132252354 ], [ -63.986838141522476, -21.99364430103595 ], [ -62.846468471921561, -22.034985446869449 ], [ -62.685057135657885, -22.249029229422387 ], [ -60.846564704009914, -23.880712579038292 ], [ -60.02896603050403, -24.032796319273274 ], [ -58.807128465394982, -24.771459242453311 ], [ -57.777217169817938, -25.16233977630904 ], [ -57.633660040911131, -25.603656508081642 ], [ -58.618173590719749, -27.123718763947096 ], [ -57.609759690976141, -27.395898532828387 ], [ -56.486701626192996, -27.548499037386293 ], [ -55.695845506398157, -27.387837009390864 ], [ -54.788794928595053, -26.621785577096134 ], [ -54.625290696823576, -25.739255466415514 ], [ -54.13004960795439, -25.547639255477254 ], [ -53.628348965048744, -26.124865004177472 ], [ -53.648735317587892, -26.92347258881609 ], [ -54.490725267135524, -27.474756768505792 ], [ -55.162286342984572, -27.881915378533463 ], [ -56.290899624239081, -28.852760512000895 ], [ -57.625133429582959, -30.216294854454262 ], [ -57.874937303281882, -31.016556084926208 ] ] ] ] } },
{ "type": "Feature", "properties": { "pop_est": 17789267, "continent": "South America", "name": "Chile", "iso_a3": "CHL", "gdp_md_est": 436100.0 }, "geometry": { "type": "MultiPolygon", "coordinates": [ [ [ [ -68.63335, -54.8695 ], [ -67.56244, -54.87001 ], [ -66.95992, -54.89681 ], [ -67.29103, -55.30124 ], [ -68.14863, -55.61183 ], [ -68.639990810811867, -55.58001799908692 ], [ -69.2321, -55.49906 ], [ -69.95809, -55.19843 ], [ -71.00568, -55.05383 ], [ -72.2639, -54.49514 ], [ -73.2852, -53.95752 ], [ -74.66253, -52.83749 ], [ -73.8381, -53.04743 ], [ -72.43418, -53.7154 ], [ -71.10773, -54.07433 ], [ -70.591779999999858, -53.61583 ], [ -70.26748, -52.93123 ], [ -69.34565, -52.5183 ], [ -68.634010227583232, -52.636370458874488 ], [ -68.63335, -54.8695 ] ] ], [ [ [ -69.100246955019486, -18.260125420812678 ], [ -68.966818406841867, -18.981683444904107 ], [ -68.442225104430918, -19.405068454671429 ], [ -68.757167121033746, -20.372657972904463 ], [ -68.21991309271128, -21.494346612231865 ], [ -67.828179897722734, -22.872918796482175 ], [ -67.106673550063604, -22.735924574476417 ], [ -66.9852339341777, -22.986348565362839 ], [ -67.328442959244171, -24.02530323659095 ], [ -68.41765296087614, -24.518554782816881 ], [ -68.386001146097357, -26.185016371365215 ], [ -68.594799770772681, -26.506908868111296 ], [ -68.295541551370434, -26.899339694935779 ], [ -69.001234910748252, -27.52121388113618 ], [ -69.656130337183171, -28.459141127233686 ], [ -70.013550381129917, -29.367922865518572 ], [ -69.919008348251936, -30.336339206668281 ], [ -70.53506893581951, -31.365010267870311 ], [ -70.074399380153594, -33.091209812148051 ], [ -69.814776984319224, -33.273886000299825 ], [ -69.817309129501524, -34.1935714657983 ], [ -70.388049485949125, -35.169687595359491 ], [ -70.364769253201644, -36.005088799789917 ], [ -71.12188066270987, -36.658123874662323 ], [ -71.11862504747549, -37.576827487947241 ], [ -70.814664272734689, -38.552995293940739 ], [ -71.413516608349056, -38.916022230791143 ], [ -71.680761277946488, -39.808164157878046 ], [ -71.915734015577627, -40.832339369470688 ], [ -71.746803758415496, -42.051386407235981 ], [ -72.14889807807856, -42.254888197601375 ], [ -71.915423956983886, -43.408564548517447 ], [ -71.464056159130507, -43.787611179378345 ], [ -71.793622606071935, -44.207172133156064 ], [ -71.329800788036223, -44.407521661151655 ], [ -71.222778896759763, -44.784242852559416 ], [ -71.659315558545359, -44.973688653341426 ], [ -71.552009446891276, -45.560732924177103 ], [ -71.917258470330239, -46.884838148791772 ], [ -72.447355312780275, -47.738532810253517 ], [ -72.331160854772008, -48.244238376661798 ], [ -72.648247443314943, -48.878618259476831 ], [ -73.415435757120093, -49.318436374712967 ], [ -73.328050910114527, -50.378785088909915 ], [ -72.975746832964688, -50.741450290734285 ], [ -72.309973517532342, -50.677009779666321 ], [ -72.329403856074066, -51.42595631287243 ], [ -71.914803839796377, -52.009022305865898 ], [ -69.49836218939609, -52.142760912637272 ], [ -68.571545376241332, -52.299443855346226 ], [ -69.461284349226673, -52.29195077266391 ], [ -69.942779507106195, -52.537930590373222 ], [ -70.8451016913546, -52.899200528525711 ], [ -71.006332160105245, -53.833252042201323 ], [ -71.429794684520999, -53.856454760300373 ], [ -72.557942877884884, -53.53141000118449 ], [ -73.702756720662904, -52.835069268607235 ], [ -73.702756720662904, -52.835070076051494 ], [ -74.946763475225168, -52.262753588419002 ], [ -75.260026007778507, -51.629354750373253 ], [ -74.976632453089877, -51.043395684615703 ], [ -75.479754197883551, -50.378371677451582 ], [ -75.608015102831985, -48.673772881871841 ], [ -75.182769741502156, -47.711919447623202 ], [ -74.126580980104706, -46.939253431995112 ], [ -75.644395311165454, -46.647643324572073 ], [ -74.692153693323121, -45.763976332381027 ], [ -74.351709357384252, -44.103044122087937 ], [ -73.24035600451522, -44.454960625995604 ], [ -72.717803921179794, -42.383355808278978 ], [ -73.388899909138217, -42.117532240569574 ], [ -73.701335618774877, -43.365776462579774 ], [ -74.331943122032612, -43.224958184584423 ], [ -74.017957119427194, -41.794812920906828 ], [ -73.677099372029986, -39.942212823243167 ], [ -73.217592536090649, -39.258688653318558 ], [ -73.505559455037115, -38.282882582351114 ], [ -73.58806087919109, -37.156284681955981 ], [ -73.166717088499297, -37.123780206044387 ], [ -72.553136969681745, -35.508840020491057 ], [ -71.861732143832626, -33.909092706031529 ], [ -71.438450486929895, -32.418899428030777 ], [ -71.668720669222466, -30.920644626592495 ], [ -71.370082567007728, -30.095682061485029 ], [ -71.48989437527645, -28.861442152625923 ], [ -70.905123867461612, -27.640379734001247 ], [ -70.724953986275992, -25.705924167587256 ], [ -70.403965827095021, -23.628996677344574 ], [ -70.091245897080739, -21.393319187101259 ], [ -70.164419725206045, -19.756468194256165 ], [ -70.372572394477714, -18.347975355708869 ], [ -69.858443569605868, -18.092693780187012 ], [ -69.59042375352405, -17.580011895419332 ], [ -69.100246955019486, -18.260125420812678 ] ] ] ] } },
{ "type": "Feature", "properties": { "pop_est": 10646714, "continent": "North America", "name": "Haiti", "iso_a3": "HTI", "gdp_md_est": 19340.0 }, "geometry": { "type": "Polygon", "coordinates": [ [ [ -71.624873216422827, 19.169837958243306 ], [ -71.701302659782499, 18.785416978424053 ], [ -71.945112067335558, 18.616900132720261 ], [ -71.68773759630588, 18.316660061104471 ], [ -71.708304816358051, 18.044997056546094 ], [ -72.372476162389347, 18.21496084235406 ], [ -72.844411180294884, 18.145611070218365 ], [ -73.454554816365032, 18.2179063989947 ], [ -73.922433234335656, 18.030992743395004 ], [ -74.458033616824778, 18.342549953682706 ], [ -74.369925299767132, 18.664907538319412 ], [ -73.449542202432724, 18.526052964751145 ], [ -72.694937099890637, 18.445799465401862 ], [ -72.334881557897006, 18.668421535715254 ], [ -72.791649542924887, 19.101625067618031 ], [ -72.784104783810278, 19.483591416903408 ], [ -73.415022345661754, 19.639550889560283 ], [ -73.189790615517623, 19.915683905511912 ], [ -72.579672817663621, 19.871500555902358 ], [ -71.712361416292964, 19.714455878167357 ], [ -71.624873216422827, 19.169837958243306 ] ] ] } },
{ "type": "Feature", "properties": { "pop_est": 10734247, "continent": "North America", "name": "Dominican Rep.", "iso_a3": "DOM", "gdp_md_est": 161900.0 }, "geometry": { "type": "Polygon", "coordinates": [ [ [ -71.68773759630588, 18.316660061104471 ], [ -71.945112067335558, 18.616900132720261 ], [ -71.701302659782499, 18.785416978424053 ], [ -71.624873216422827, 19.169837958243306 ], [ -71.712361416292964, 19.714455878167357 ], [ -71.587304450146632, 19.8849105900821 ], [ -70.806706102161741, 19.880285549391985 ], [ -70.214364997016133, 19.622885240146161 ], [ -69.950815192327582, 19.647999986240009 ], [ -69.769250047470081, 19.293267116772441 ], [ -69.222125820579876, 19.313214219637103 ], [ -69.254346076113848, 19.015196234609874 ], [ -68.809411994080833, 18.979074408437853 ], [ -68.317943284768972, 18.612197577381693 ], [ -68.689315965434517, 18.205142320218613 ], [ -69.164945848248919, 18.422648423735112 ], [ -69.623987596297638, 18.38071299893025 ], [ -69.952933926051543, 18.428306993071061 ], [ -70.133232998317894, 18.245915025296895 ], [ -70.517137213814223, 18.184290879788833 ], [ -70.669298468697633, 18.426885891183034 ], [ -70.999950120717187, 18.283328762276213 ], [ -71.400209927033899, 17.598564357976599 ], [ -71.657661912712015, 17.757572740138698 ], [ -71.708304816358051, 18.044997056546094 ], [ -71.68773759630588, 18.316660061104471 ] ] ] } },
{ "type": "Feature", "properties": { "pop_est": 329988, "continent": "North America", "name": "Bahamas", "iso_a3": "BHS", "gdp_md_est": 9066.0 }, "geometry": { "type": "MultiPolygon", "coordinates": [ [ [ [ -78.51, 26.87 ], [ -77.85, 26.84 ], [ -77.82, 26.58 ], [ -78.91, 26.42 ], [ -78.98, 26.79 ], [ -78.51, 26.87 ] ] ], [ [ [ -77.0, 26.59 ], [ -77.17255, 25.87918 ], [ -77.35641, 26.00735 ], [ -77.34, 26.53 ], [ -77.78802, 26.92516 ], [ -77.79, 27.04 ], [ -77.0, 26.59 ] ] ], [ [ [ -77.89, 25.17 ], [ -77.54, 24.34 ], [ -77.53466, 23.75975 ], [ -77.78, 23.71 ], [ -78.03405, 24.28615 ], [ -78.40848, 24.57564 ], [ -78.19087, 25.2103 ], [ -77.89, 25.17 ] ] ] ] } },
{ "type": "Feature", "properties": { "pop_est": 2931, "continent": "South America", "name": "Falkland Is.", "iso_a3": "FLK", "gdp_md_est": 281.8 }, "geometry": { "type": "Polygon", "coordinates": [ [ [ -60.0, -51.25 ], [ -59.15, -51.5 ], [ -58.55, -51.1 ], [ -57.75, -51.55 ], [ -58.05, -51.9 ], [ -59.4, -52.2 ], [ -59.85, -51.85 ], [ -60.7, -52.3 ], [ -61.2, -51.85 ], [ -60.0, -51.25 ] ] ] } },
{ "type": "Feature", "properties": { "pop_est": 124574795, "continent": "North America", "name": "Mexico", "iso_a3": "MEX", "gdp_md_est": 2307000.0 }, "geometry": { "type": "Polygon", "coordinates": [ [ [ -115.99135, 32.612390000000119 ], [ -114.72139, 32.72083 ], [ -114.815, 32.52528 ], [ -113.30498, 32.03914 ], [ -111.02361, 31.33472 ], [ -109.035, 31.341940000000136 ], [ -108.24194, 31.34222 ], [ -108.24, 31.754853718166373 ], [ -106.50758999999988, 31.75452 ], [ -106.1429, 31.39995 ], [ -105.63159, 31.08383 ], [ -105.03737, 30.64402 ], [ -104.70575, 30.12173 ], [ -104.456969999999899, 29.57196 ], [ -103.94, 29.27 ], [ -103.11, 28.97 ], [ -102.48, 29.76 ], [ -101.6624, 29.7793 ], [ -100.9576, 29.380710000000136 ], [ -100.45584, 28.696120000000121 ], [ -100.11, 28.110000000000127 ], [ -99.52, 27.54 ], [ -99.3, 26.84 ], [ -99.02, 26.37 ], [ -98.24, 26.06 ], [ -97.53, 25.84 ], [ -97.140008307670712, 25.869997463478398 ], [ -97.528072475966553, 24.9921440699203 ], [ -97.702945522842242, 24.272343044526735 ], [ -97.776041836319052, 22.93257986092766 ], [ -97.872366706111109, 22.44421173755336 ], [ -97.699043952204192, 21.898689480064263 ], [ -97.388959520236767, 21.411018988525825 ], [ -97.189333462293291, 20.635433254473128 ], [ -96.525575527720321, 19.890930894444068 ], [ -96.292127244841765, 19.320371405509547 ], [ -95.900884975959968, 18.82802419684873 ], [ -94.839063483442715, 18.562717393462208 ], [ -94.425729539756219, 18.144370835843347 ], [ -93.548651292682393, 18.423836981677937 ], [ -92.786113857783505, 18.524838568592259 ], [ -92.037348192090406, 18.704569200103435 ], [ -91.407903408559264, 18.87608327888023 ], [ -90.771869879910867, 19.284120388256781 ], [ -90.533589850613055, 19.867418117751299 ], [ -90.451475999701245, 20.707521877520435 ], [ -90.278618333684904, 20.999855454995554 ], [ -89.601321173851488, 21.261725775634488 ], [ -88.543866339862859, 21.49367544197662 ], [ -87.658416510757718, 21.458845526611981 ], [ -87.051890224948067, 21.543543199138298 ], [ -86.811982388032959, 21.331514797444754 ], [ -86.845907965832623, 20.849864610268355 ], [ -87.383291185235862, 20.25540477139873 ], [ -87.62105445021075, 19.646553046135921 ], [ -87.436750454441778, 19.472403469312269 ], [ -87.586560431655926, 19.040130113190742 ], [ -87.837191128271513, 18.25981598558343 ], [ -88.090664028663184, 18.516647854074051 ], [ -88.300031094093697, 18.499982204659901 ], [ -88.490122850279349, 18.486830552641607 ], [ -88.848343878926613, 17.883198147040233 ], [ -89.029857347351822, 18.001511338772488 ], [ -89.150909389995533, 17.955467637600421 ], [ -89.14308041050333, 17.808318996649405 ], [ -90.067933519230976, 17.819326076727478 ], [ -91.001519945015957, 17.81759491624571 ], [ -91.002269253284211, 17.25465770107418 ], [ -91.453921271515156, 17.252177232324172 ], [ -91.081670091500655, 16.918476670799407 ], [ -90.711821865587723, 16.687483018454728 ], [ -90.600846727240935, 16.47077789963879 ], [ -90.438866950222035, 16.410109768128095 ], [ -90.464472622422662, 16.069562079324655 ], [ -91.747960171255954, 16.066564846251765 ], [ -92.229248623406306, 15.251446641495875 ], [ -92.087215949252069, 15.064584662328441 ], [ -92.203229539747326, 14.830102850804069 ], [ -92.227750006869826, 14.538828640190928 ], [ -93.35946387406176, 15.615429592343673 ], [ -93.875168830118525, 15.940164292865916 ], [ -94.691656460330137, 16.200975246642884 ], [ -95.250227016973042, 16.128318182840644 ], [ -96.053382127653322, 15.752087917539598 ], [ -96.557434048228288, 15.653515122942792 ], [ -97.263592495496653, 15.917064927631316 ], [ -98.01302995480961, 16.107311713113916 ], [ -98.947675747456515, 16.566043402568766 ], [ -99.697397427147052, 16.706164048728169 ], [ -100.829498867581322, 17.17107107184205 ], [ -101.666088629954459, 17.649026394109626 ], [ -101.918528001700224, 17.916090196193977 ], [ -102.478132086988921, 17.975750637275098 ], [ -103.500989549558085, 18.292294623278849 ], [ -103.917527432046825, 18.748571682200009 ], [ -104.992009650475495, 19.316133938061682 ], [ -105.49303849976144, 19.946767279535436 ], [ -105.731396043707662, 20.434101874264115 ], [ -105.39777299683135, 20.531718654863425 ], [ -105.50066077352443, 20.816895046466129 ], [ -105.270752326257934, 21.076284898355141 ], [ -105.265817226974036, 21.422103583252351 ], [ -105.603160976975403, 21.871145941652571 ], [ -105.693413865973127, 22.269080308516152 ], [ -106.028716396898972, 22.773752346278627 ], [ -106.90998043498837, 23.767774359628902 ], [ -107.915448778091388, 24.54891531015295 ], [ -108.401904873470983, 25.172313951105934 ], [ -109.260198737406654, 25.580609442644061 ], [ -109.444089321717343, 25.82488393808768 ], [ -109.291643846456282, 26.442934068298428 ], [ -109.801457689231825, 26.676175645447927 ], [ -110.391731737085706, 27.16211497650454 ], [ -110.641018846461634, 27.859876003525528 ], [ -111.178918830187854, 27.94124054616907 ], [ -111.759606899851633, 28.467952582303951 ], [ -112.228234626090398, 28.954408677683489 ], [ -112.271823696728688, 29.266844387320077 ], [ -112.809594489373978, 30.021113593052348 ], [ -113.163810594518679, 30.786880804969428 ], [ -113.14866939985717, 31.170965887978923 ], [ -113.871881069781864, 31.567608344035193 ], [ -114.20573666060352, 31.524045111613134 ], [ -114.776451178835032, 31.79953217216115 ], [ -114.936699795372135, 31.393484605427602 ], [ -114.771231859173497, 30.913617255165263 ], [ -114.673899298951767, 30.162681179315996 ], [ -114.330974494262932, 29.750432440707414 ], [ -113.588875088335442, 29.061611436473015 ], [ -113.424053107540544, 28.82617361095123 ], [ -113.27196936730553, 28.754782619739899 ], [ -113.140039435664391, 28.411289374295961 ], [ -112.962298346796501, 28.42519033458251 ], [ -112.761587083774884, 27.780216783147523 ], [ -112.457910529411663, 27.525813706974759 ], [ -112.244951951936798, 27.171726792910761 ], [ -111.616489020619213, 26.662817287700477 ], [ -111.284674648873022, 25.732589830014433 ], [ -110.987819383572401, 25.294606228124564 ], [ -110.710006883571339, 24.826004340101861 ], [ -110.655048997828885, 24.298594672131117 ], [ -110.172856208113444, 24.265547593680424 ], [ -109.77184709352855, 23.811182562754198 ], [ -109.409104377055712, 23.364672349536249 ], [ -109.433392300232924, 23.185587673428699 ], [ -109.854219326601708, 22.818271592698068 ], [ -110.031391974714438, 22.823077500901206 ], [ -110.295070970483664, 23.430973212166691 ], [ -110.949501309028051, 24.000964260345995 ], [ -111.670568407012695, 24.484423122652515 ], [ -112.182035895621482, 24.738412787367167 ], [ -112.148988817170846, 25.470125230404051 ], [ -112.300710822379699, 26.012004299416617 ], [ -112.777296719191554, 26.321959540303169 ], [ -113.464670783321935, 26.768185533143424 ], [ -113.596729906043834, 26.639459540304472 ], [ -113.848936733844255, 26.90006378835244 ], [ -114.465746629680041, 27.142090358991368 ], [ -115.055142178185008, 27.722726752222911 ], [ -114.982252570437424, 27.798200181585116 ], [ -114.570365566854946, 27.741485297144891 ], [ -114.19932878299926, 28.115002549750557 ], [ -114.162018398884641, 28.566111965442303 ], [ -114.931842210736647, 29.27947927501549 ], [ -115.518653937626993, 29.556361599235402 ], [ -115.887365282029577, 30.180793768834178 ], [ -116.258350389452914, 30.836464341753583 ], [ -116.721526252084971, 31.635743720012044 ], [ -117.127759999999853, 32.53534 ], [ -115.99135, 32.612390000000119 ] ] ] } },
{ "type": "Feature", "properties": { "pop_est": 3360148, "continent": "South America", "name": "Uruguay", "iso_a3": "URY", "gdp_md_est": 73250.0 }, "geometry": { "type": "Polygon", "coordinates": [ [ [ -56.976025763564735, -30.109686374636127 ], [ -55.973244594940937, -30.883075860316303 ], [ -55.601510179249345, -30.853878676071393 ], [ -54.572451544805119, -31.494511407193748 ], [ -53.787951626182192, -32.047242526987624 ], [ -53.209588995971544, -32.727666110974724 ], [ -53.650543992718099, -33.20200408298183 ], [ -53.373661668498244, -33.768377780900764 ], [ -53.806425950726535, -34.396814874002231 ], [ -54.93586605489773, -34.952646579733624 ], [ -55.674089728403288, -34.752658786764073 ], [ -56.215297003796067, -34.859835707337417 ], [ -57.139685024633103, -34.430456231424245 ], [ -57.81786068381551, -34.462547295877499 ], [ -58.427074144104388, -33.909454441057576 ], [ -58.349611172098875, -33.263188978815407 ], [ -58.132647671121447, -33.040566908502015 ], [ -58.142440355040762, -32.044503676076154 ], [ -57.874937303281882, -31.016556084926208 ], [ -57.625133429582959, -30.216294854454262 ], [ -56.976025763564735, -30.109686374636127 ] ] ] } },
{ "type": "Feature", "properties": { "pop_est": 207353391, "continent": "South America", "name": "Brazil", "iso_a3": "BRA", "gdp_md_est": 3081000.0 }, "geometry": { "type": "Polygon", "coordinates": [ [ [ -53.650543992718099, -33.20200408298183 ], [ -53.209588995971544, -32.727666110974724 ], [ -53.787951626182192, -32.047242526987624 ], [ -54.572451544805119, -31.494511407193748 ], [ -55.601510179249345, -30.853878676071393 ], [ -55.973244594940937, -30.883075860316303 ], [ -56.976025763564735, -30.109686374636127 ], [ -57.625133429582959, -30.216294854454262 ], [ -56.290899624239081, -28.852760512000895 ], [ -55.162286342984572, -27.881915378533463 ], [ -54.490725267135524, -27.474756768505792 ], [ -53.648735317587892, -26.92347258881609 ], [ -53.628348965048744, -26.124865004177472 ], [ -54.13004960795439, -25.547639255477254 ], [ -54.625290696823576, -25.739255466415514 ], [ -54.428946092330591, -25.162184747012166 ], [ -54.293476325077449, -24.570799655863965 ], [ -54.292959560754518, -24.021014092710729 ], [ -54.652834235235133, -23.839578138933959 ], [ -55.02790178080955, -24.001273695575229 ], [ -55.400747239795422, -23.956935316668805 ], [ -55.517639329639636, -23.571997572526637 ], [ -55.610682745981144, -22.655619398694846 ], [ -55.797958136606908, -22.356929620047822 ], [ -56.473317430229393, -22.086300144135283 ], [ -56.881509568902899, -22.282153822521479 ], [ -57.937155727761294, -22.090175876557172 ], [ -57.8706739976178, -20.732687676681952 ], [ -58.166392381408045, -20.176700941653678 ], [ -57.853801642474508, -19.969995212486189 ], [ -57.949997321185826, -19.400004164306822 ], [ -57.676008877174311, -18.961839694904029 ], [ -57.498371141170992, -18.174187513911292 ], [ -57.734558274961003, -17.552468357007768 ], [ -58.280804002502251, -17.271710300366017 ], [ -58.388058437724041, -16.877109063385276 ], [ -58.24121985536668, -16.299573256091293 ], [ -60.158389655179036, -16.258283786690086 ], [ -60.542965664295153, -15.093910414289596 ], [ -60.251148851142936, -15.07721892665932 ], [ -60.26432634137737, -14.645979099183641 ], [ -60.459198167550028, -14.354007256734555 ], [ -60.503304002511136, -13.775954685117659 ], [ -61.084121263255653, -13.479383640194598 ], [ -61.713204311760776, -13.489202162330052 ], [ -62.127080857986385, -13.198780612849724 ], [ -62.803060268796386, -13.000653171442686 ], [ -63.196498786050569, -12.627032565972435 ], [ -64.316352912031604, -12.461978041232193 ], [ -65.402281460213032, -11.566270440317155 ], [ -65.321898769783019, -10.895872084194679 ], [ -65.444837002205389, -10.511451104375432 ], [ -65.338435228116424, -9.761987806846392 ], [ -66.646908331962806, -9.931331475466862 ], [ -67.173801235610739, -10.306812432499612 ], [ -68.048192308205387, -10.712059014532485 ], [ -68.271253628193264, -11.014521172736821 ], [ -68.786157599549483, -11.03638030359628 ], [ -69.529678107364958, -10.951734307502194 ], [ -70.093752204046893, -11.123971856331012 ], [ -70.548685675728407, -11.009146823778465 ], [ -70.481893886991173, -9.490118096558845 ], [ -71.302412278921537, -10.079436130415374 ], [ -72.18489071316985, -10.053597914269432 ], [ -72.563033006465645, -9.520193780152717 ], [ -73.226713426390162, -9.462212823121234 ], [ -73.015382656532552, -9.032833347208062 ], [ -73.571059332967067, -8.424446709835834 ], [ -73.987235480429661, -7.523829847853065 ], [ -73.723401455363501, -7.340998630404414 ], [ -73.724486660441642, -6.91859547285064 ], [ -73.120027431923603, -6.629930922068239 ], [ -73.21971126981461, -6.089188734566078 ], [ -72.9645072089412, -5.741251315944893 ], [ -72.891927659787257, -5.274561455916981 ], [ -71.748405727816547, -4.593982842633011 ], [ -70.928843349883579, -4.401591485210368 ], [ -70.794768846302304, -4.251264743673303 ], [ -69.893635219996625, -4.298186944194327 ], [ -69.444101935489613, -1.556287123219818 ], [ -69.420485805932231, -1.122618503426409 ], [ -69.5770653957766, -0.549991957200163 ], [ -70.020655890570055, -0.185156345219539 ], [ -70.015565761989308, 0.541414292804205 ], [ -69.452396002872462, 0.706158758950693 ], [ -69.252434048119056, 0.602650865070075 ], [ -69.21863766140018, 0.985676581217433 ], [ -69.80459672715773, 1.089081122233466 ], [ -69.816973232691623, 1.714805202639624 ], [ -67.868565029558837, 1.692455145673392 ], [ -67.537810024674698, 2.03716278727633 ], [ -67.259997524673594, 1.719998684084956 ], [ -67.065048183852497, 1.130112209473225 ], [ -66.87632585312258, 1.253360500489336 ], [ -66.325765143484958, 0.724452215982012 ], [ -65.548267381437569, 0.78925446207603 ], [ -65.354713304288367, 1.0952822941085 ], [ -64.611011928959869, 1.328730576987042 ], [ -64.199305792890513, 1.49285492594602 ], [ -64.083085496666087, 1.91636912679408 ], [ -63.368788011311665, 2.200899562993129 ], [ -63.422867397705119, 2.411067613124175 ], [ -64.269999152265797, 2.497005520025567 ], [ -64.408827887617917, 3.126786200366624 ], [ -64.368494432214106, 3.797210394705246 ], [ -64.816064012294021, 4.056445217297423 ], [ -64.628659430587547, 4.14848094320925 ], [ -63.888342861574159, 4.020530096854571 ], [ -63.093197597899106, 3.770571193858785 ], [ -62.804533047116706, 4.006965033377952 ], [ -62.085429653559132, 4.162123521334308 ], [ -60.966893276601539, 4.536467596856639 ], [ -60.601179165271944, 4.91809804933213 ], [ -60.733574184803722, 5.200277207861901 ], [ -60.213683437731333, 5.244486395687602 ], [ -59.980958624904886, 5.014061184098139 ], [ -60.11100236676738, 4.574966538914083 ], [ -59.767405768458715, 4.423502915866607 ], [ -59.538039923731233, 3.958802598481938 ], [ -59.815413174057866, 3.606498521332085 ], [ -59.974524909084558, 2.755232652188056 ], [ -59.718545701726747, 2.24963043864436 ], [ -59.646043667221257, 1.786893825686789 ], [ -59.030861579002647, 1.317697658692722 ], [ -58.540012986878295, 1.268088283692521 ], [ -58.429477098205965, 1.463941962078721 ], [ -58.113449876525017, 1.507195135907025 ], [ -57.660971035377372, 1.682584947105639 ], [ -57.335822923396904, 1.948537705895759 ], [ -56.782704230360828, 1.863710842288654 ], [ -56.539385748914555, 1.899522609866921 ], [ -55.995698004771754, 1.817667141116601 ], [ -55.905600145070885, 2.02199575439866 ], [ -56.073341844290297, 2.220794989425499 ], [ -55.973322109589375, 2.510363877773017 ], [ -55.569755011605999, 2.421506252447131 ], [ -55.097587449755139, 2.523748073736613 ], [ -54.524754197799716, 2.311848863123785 ], [ -54.08806250671725, 2.105556545414629 ], [ -53.778520677288917, 2.376702785650082 ], [ -53.554839240113544, 2.334896551925951 ], [ -53.418465135295307, 2.053389187015981 ], [ -52.939657151894956, 2.124857692875636 ], [ -52.556424730018421, 2.504705308437053 ], [ -52.249337531123956, 3.241094468596245 ], [ -51.657797410678889, 4.156232408053029 ], [ -51.317146369010857, 4.203490505383954 ], [ -51.069771287629656, 3.650397650564031 ], [ -50.508875291533656, 1.901563828942457 ], [ -49.974075893745059, 1.736483465986069 ], [ -49.947100796088712, 1.046189683431223 ], [ -50.699251268096916, 0.222984117021682 ], [ -50.388210822132137, -0.078444512536819 ], [ -48.62056677915632, -0.235489190271821 ], [ -48.584496629416591, -1.237805271005001 ], [ -47.824956427590635, -0.5816179337628 ], [ -46.566583624851226, -0.941027520352776 ], [ -44.905703090990414, -1.551739597178134 ], [ -44.417619187993665, -2.137750339367976 ], [ -44.581588507655781, -2.691308282078524 ], [ -43.418791266440195, -2.383110039889793 ], [ -41.472656826328247, -2.912018324397116 ], [ -39.978665330554037, -2.873054294449041 ], [ -38.500383470196567, -3.700652357603396 ], [ -37.2232521225352, -4.820945733258917 ], [ -36.452937384576387, -5.109403578312154 ], [ -35.597795783010469, -5.149504489770649 ], [ -35.23538896334756, -5.464937432480247 ], [ -34.896029832486832, -6.738193047719711 ], [ -34.729993455533034, -7.343220716992967 ], [ -35.128212042774223, -8.996401462442286 ], [ -35.636966518687714, -9.649281508017815 ], [ -37.046518724096998, -11.040721123908803 ], [ -37.683611619607362, -12.171194756725823 ], [ -38.423876512188443, -13.038118584854288 ], [ -38.673887091616521, -13.057652276260619 ], [ -38.953275722802545, -13.793369642800023 ], [ -38.882298143049653, -15.667053724838768 ], [ -39.161092495264313, -17.208406670808472 ], [ -39.267339240056401, -17.867746270420483 ], [ -39.583521491034233, -18.262295830968938 ], [ -39.760823330227637, -19.599113457927409 ], [ -40.774740770010339, -20.904511814052423 ], [ -40.944756232250612, -21.937316989837811 ], [ -41.754164191238225, -22.370675551037458 ], [ -41.98828426773656, -22.970070489190896 ], [ -43.074703742024752, -22.967693373305469 ], [ -44.647811855637812, -23.351959323827842 ], [ -45.352135789559917, -23.796841729428582 ], [ -46.472093268405537, -24.088968601174543 ], [ -47.648972337420659, -24.885199069927722 ], [ -48.495458136577703, -25.877024834905654 ], [ -48.64100480812774, -26.623697605090932 ], [ -48.474735887228654, -27.175911960561891 ], [ -48.661520351747626, -28.18613453543572 ], [ -48.8884574041574, -28.674115085567884 ], [ -49.587329474472675, -29.224469089476337 ], [ -50.696874152211485, -30.98446502047296 ], [ -51.576226162306156, -31.777698256153212 ], [ -52.256081305538046, -32.24536996839467 ], [ -52.712099982297694, -33.196578057591182 ], [ -53.373661668498244, -33.768377780900764 ], [ -53.650543992718099, -33.20200408298183 ] ] ] } },
{ "type": "Feature", "properties": { "pop_est": 11138234, "continent": "South America", "name": "Bolivia", "iso_a3": "BOL", "gdp_md_est": 78350.0 }, "geometry": { "type": "Polygon", "coordinates": [ [ [ -68.786157599549483, -11.03638030359628 ], [ -68.271253628193264, -11.014521172736821 ], [ -68.048192308205387, -10.712059014532485 ], [ -67.173801235610739, -10.306812432499612 ], [ -66.646908331962806, -9.931331475466862 ], [ -65.338435228116424, -9.761987806846392 ], [ -65.444837002205389, -10.511451104375432 ], [ -65.321898769783019, -10.895872084194679 ], [ -65.402281460213032, -11.566270440317155 ], [ -64.316352912031604, -12.461978041232193 ], [ -63.196498786050569, -12.627032565972435 ], [ -62.803060268796386, -13.000653171442686 ], [ -62.127080857986385, -13.198780612849724 ], [ -61.713204311760776, -13.489202162330052 ], [ -61.084121263255653, -13.479383640194598 ], [ -60.503304002511136, -13.775954685117659 ], [ -60.459198167550028, -14.354007256734555 ], [ -60.26432634137737, -14.645979099183641 ], [ -60.251148851142936, -15.07721892665932 ], [ -60.542965664295153, -15.093910414289596 ], [ -60.158389655179036, -16.258283786690086 ], [ -58.24121985536668, -16.299573256091293 ], [ -58.388058437724041, -16.877109063385276 ], [ -58.280804002502251, -17.271710300366017 ], [ -57.734558274961003, -17.552468357007768 ], [ -57.498371141170992, -18.174187513911292 ], [ -57.676008877174311, -18.961839694904029 ], [ -57.949997321185826, -19.400004164306822 ], [ -57.853801642474508, -19.969995212486189 ], [ -58.166392381408045, -20.176700941653678 ], [ -58.183471442280506, -19.868399346600363 ], [ -59.115042487206111, -19.356906019775401 ], [ -60.043564622626491, -19.342746677327426 ], [ -61.786326463453769, -19.633736667562964 ], [ -62.265961269770798, -20.513734633061276 ], [ -62.291179368729225, -21.051634616787393 ], [ -62.685057135657885, -22.249029229422387 ], [ -62.846468471921561, -22.034985446869449 ], [ -63.986838141522476, -21.99364430103595 ], [ -64.377021043542257, -22.79809132252354 ], [ -64.964892137294612, -22.075861504812327 ], [ -66.273339402924847, -21.83231047942072 ], [ -67.106673550063604, -22.735924574476417 ], [ -67.828179897722734, -22.872918796482175 ], [ -68.21991309271128, -21.494346612231865 ], [ -68.757167121033746, -20.372657972904463 ], [ -68.442225104430918, -19.405068454671429 ], [ -68.966818406841867, -18.981683444904107 ], [ -69.100246955019486, -18.260125420812678 ], [ -69.59042375352405, -17.580011895419332 ], [ -68.959635382753305, -16.50069793057127 ], [ -69.389764166934711, -15.660129082911652 ], [ -69.160346645774951, -15.323973890853019 ], [ -69.339534674747014, -14.953195489158832 ], [ -68.948886684836594, -14.453639418193283 ], [ -68.92922380234954, -13.602683607643009 ], [ -68.88007951523997, -12.899729099176653 ], [ -68.665079718689626, -12.561300144097173 ], [ -69.529678107364958, -10.951734307502194 ], [ -68.786157599549483, -11.03638030359628 ] ] ] } },
{ "type": "Feature", "properties": { "pop_est": 31036656, "continent": "South America", "name": "Peru", "iso_a3": "PER", "gdp_md_est": 410400.0 }, "geometry": { "type": "Polygon", "coordinates": [ [ [ -70.794768846302304, -4.251264743673303 ], [ -70.928843349883579, -4.401591485210368 ], [ -71.748405727816547, -4.593982842633011 ], [ -72.891927659787257, -5.274561455916981 ], [ -72.9645072089412, -5.741251315944893 ], [ -73.21971126981461, -6.089188734566078 ], [ -73.120027431923603, -6.629930922068239 ], [ -73.724486660441642, -6.91859547285064 ], [ -73.723401455363501, -7.340998630404414 ], [ -73.987235480429661, -7.523829847853065 ], [ -73.571059332967067, -8.424446709835834 ], [ -73.015382656532552, -9.032833347208062 ], [ -73.226713426390162, -9.462212823121234 ], [ -72.563033006465645, -9.520193780152717 ], [ -72.18489071316985, -10.053597914269432 ], [ -71.302412278921537, -10.079436130415374 ], [ -70.481893886991173, -9.490118096558845 ], [ -70.548685675728407, -11.009146823778465 ], [ -70.093752204046893, -11.123971856331012 ], [ -69.529678107364958, -10.951734307502194 ], [ -68.665079718689626, -12.561300144097173 ], [ -68.88007951523997, -12.899729099176653 ], [ -68.92922380234954, -13.602683607643009 ], [ -68.948886684836594, -14.453639418193283 ], [ -69.339534674747014, -14.953195489158832 ], [ -69.160346645774951, -15.323973890853019 ], [ -69.389764166934711, -15.660129082911652 ], [ -68.959635382753305, -16.50069793057127 ], [ -69.59042375352405, -17.580011895419332 ], [ -69.858443569605868, -18.092693780187012 ], [ -70.372572394477714, -18.347975355708869 ], [ -71.375250210236928, -17.773798516513857 ], [ -71.462040778271131, -17.363487644116383 ], [ -73.444529588500416, -16.359362888252996 ], [ -75.237882656541444, -15.265682875227782 ], [ -76.009205084929945, -14.649286390850321 ], [ -76.423469204397747, -13.823186944232432 ], [ -76.25924150257417, -13.535039157772943 ], [ -77.106192389621839, -12.22271615972082 ], [ -78.092152879534638, -10.377712497604065 ], [ -79.036953091126946, -8.386567884965892 ], [ -79.445920376284846, -7.93083342858386 ], [ -79.760578172510051, -7.194340915560084 ], [ -80.537481655586078, -6.541667575713717 ], [ -81.249996304026425, -6.136834405139183 ], [ -80.926346808582437, -5.690556735866565 ], [ -81.410942552399462, -4.736764825055459 ], [ -81.099669562489368, -4.036394138203697 ], [ -80.302560594387216, -3.404856459164713 ], [ -80.184014858709673, -3.821161797708044 ], [ -80.469294603176948, -4.059286797708999 ], [ -80.442241990872162, -4.425724379090674 ], [ -80.02890804718561, -4.346090996928893 ], [ -79.624979214176179, -4.454198093283495 ], [ -79.205289069317729, -4.959128513207389 ], [ -78.639897223612337, -4.547784112164074 ], [ -78.450683966775642, -3.873096612161376 ], [ -77.837904832658609, -3.003020521663103 ], [ -76.635394253226721, -2.608677666843818 ], [ -75.544995693652041, -1.56160979574588 ], [ -75.233722703741947, -0.911416924649529 ], [ -75.373223232713855, -0.15203175212045 ], [ -75.106624518520078, -0.05720549886486 ], [ -74.441600511355972, -0.530820000819887 ], [ -74.122395189089062, -1.002832533373848 ], [ -73.6595035468346, -1.260491224781134 ], [ -73.070392218707241, -2.308954359550953 ], [ -72.325786505813653, -2.434218031426454 ], [ -71.774760708285399, -2.169789727388938 ], [ -71.413645799429787, -2.342802422702128 ], [ -70.813475714791963, -2.256864515800743 ], [ -70.047708502874855, -2.725156345229699 ], [ -70.692682054309714, -3.742872002785859 ], [ -70.394043952094989, -3.766591485207825 ], [ -69.893635219996625, -4.298186944194327 ], [ -70.794768846302304, -4.251264743673303 ] ] ] } },
{ "type": "Feature", "properties": { "pop_est": 47698524, "continent": "South America", "name": "Colombia", "iso_a3": "COL", "gdp_md_est": 688000.0 }, "geometry": { "type": "Polygon", "coordinates": [ [ [ -67.065048183852497, 1.130112209473225 ], [ -67.259997524673594, 1.719998684084956 ], [ -67.537810024674698, 2.03716278727633 ], [ -67.868565029558837, 1.692455145673392 ], [ -69.816973232691623, 1.714805202639624 ], [ -69.80459672715773, 1.089081122233466 ], [ -69.21863766140018, 0.985676581217433 ], [ -69.252434048119056, 0.602650865070075 ], [ -69.452396002872462, 0.706158758950693 ], [ -70.015565761989308, 0.541414292804205 ], [ -70.020655890570055, -0.185156345219539 ], [ -69.5770653957766, -0.549991957200163 ], [ -69.420485805932231, -1.122618503426409 ], [ -69.444101935489613, -1.556287123219818 ], [ -69.893635219996625, -4.298186944194327 ], [ -70.394043952094989, -3.766591485207825 ], [ -70.692682054309714, -3.742872002785859 ], [ -70.047708502874855, -2.725156345229699 ], [ -70.813475714791963, -2.256864515800743 ], [ -71.413645799429787, -2.342802422702128 ], [ -71.774760708285399, -2.169789727388938 ], [ -72.325786505813653, -2.434218031426454 ], [ -73.070392218707241, -2.308954359550953 ], [ -73.6595035468346, -1.260491224781134 ], [ -74.122395189089062, -1.002832533373848 ], [ -74.441600511355972, -0.530820000819887 ], [ -75.106624518520078, -0.05720549886486 ], [ -75.373223232713855, -0.15203175212045 ], [ -75.801465827116601, 0.084801337073202 ], [ -76.292314419240967, 0.416047268064119 ], [ -76.576379767549398, 0.256935533037435 ], [ -77.424984300430395, 0.395686753741117 ], [ -77.668612840470445, 0.825893052570962 ], [ -77.855061408179523, 0.809925034992773 ], [ -78.855258755188714, 1.380923773601822 ], [ -78.99093522817104, 1.691369940595251 ], [ -78.617831387023713, 1.766404120283056 ], [ -78.662118089497852, 2.267355454920477 ], [ -78.427610439757331, 2.629555568854215 ], [ -77.931542527971487, 2.696605739752926 ], [ -77.51043128122501, 3.325016994638247 ], [ -77.12768978545526, 3.849636135265357 ], [ -77.496271938777028, 4.087606105969428 ], [ -77.307601284479404, 4.667984117039452 ], [ -77.533220587865728, 5.582811997902497 ], [ -77.318815070286746, 5.84535411216136 ], [ -77.47666073272228, 6.691116441266303 ], [ -77.881571417945253, 7.223771267114785 ], [ -77.753413865861404, 7.709839789252143 ], [ -77.431107957656991, 7.638061224798734 ], [ -77.242566494440084, 7.935278225125444 ], [ -77.474722866511328, 8.524286200388218 ], [ -77.353360765273862, 8.67050466555807 ], [ -76.836673957003569, 8.638749497914716 ], [ -76.086383836557857, 9.336820583529487 ], [ -75.674600185840063, 9.443248195834599 ], [ -75.664704149056178, 9.774003200718738 ], [ -75.480425991503353, 10.618990383339309 ], [ -74.906895107711989, 11.083044745320322 ], [ -74.276752692344886, 11.102035834187587 ], [ -74.197222663047697, 11.310472723836867 ], [ -73.414763963500292, 11.22701528568548 ], [ -72.627835252559635, 11.731971543825523 ], [ -72.238194953078917, 11.955549628136326 ], [ -71.754090135368642, 12.437303168177309 ], [ -71.399822353791706, 12.376040757695293 ], [ -71.13746110704588, 12.112981879113505 ], [ -71.331583624950298, 11.776284084515808 ], [ -71.973921678338286, 11.60867157637712 ], [ -72.227575446242938, 11.108702093953241 ], [ -72.614657762325209, 10.821975409381778 ], [ -72.905286017534706, 10.450344346554772 ], [ -73.027604132769568, 9.736770331252444 ], [ -73.304951544880055, 9.151999823437606 ], [ -72.788729824500393, 9.085027167187334 ], [ -72.660494757768106, 8.625287787302682 ], [ -72.439862230097958, 8.405275376820029 ], [ -72.360900641555972, 8.002638454617895 ], [ -72.479678921178845, 7.632506008327354 ], [ -72.444487270788073, 7.423784898300482 ], [ -72.198352423781884, 7.340430813013683 ], [ -71.960175747348643, 6.991614895043539 ], [ -70.674233567981517, 7.087784735538719 ], [ -70.093312954372422, 6.96037649172311 ], [ -69.389479946557117, 6.099860541198836 ], [ -68.985318569602356, 6.206804917826858 ], [ -68.26505245631823, 6.153268133972475 ], [ -67.695087246355016, 6.267318020040647 ], [ -67.341439581965574, 6.095468044454023 ], [ -67.521531948502755, 5.556870428891969 ], [ -67.744696621355217, 5.221128648291668 ], [ -67.823012254493548, 4.503937282728899 ], [ -67.621835903581285, 3.839481716319995 ], [ -67.337563849543685, 3.542342230641722 ], [ -67.303173183853445, 3.31845408773718 ], [ -67.809938117123707, 2.820655015469569 ], [ -67.447092047786313, 2.600280869960869 ], [ -67.18129431829307, 2.250638129074062 ], [ -66.87632585312258, 1.253360500489336 ], [ -67.065048183852497, 1.130112209473225 ] ] ] } },
{ "type": "Feature", "properties": { "pop_est": 3753142, "continent": "North America", "name": "Panama", "iso_a3": "PAN", "gdp_md_est": 93120.0 }, "geometry": { "type": "Polygon", "coordinates": [ [ [ -77.474722866511328, 8.524286200388218 ], [ -77.242566494440084, 7.935278225125444 ], [ -77.431107957656991, 7.638061224798734 ], [ -77.753413865861404, 7.709839789252143 ], [ -77.881571417945253, 7.223771267114785 ], [ -78.214936082660117, 7.512254950384161 ], [ -78.429160732726075, 8.052041123888927 ], [ -78.182095709938636, 8.319182440621773 ], [ -78.435465257465694, 8.387705389840789 ], [ -78.622120530903942, 8.718124497915028 ], [ -79.120307176413746, 8.996092027213024 ], [ -79.55787736684519, 8.932374986197146 ], [ -79.760578172510051, 8.584515082224399 ], [ -80.164481167303336, 8.333315944853595 ], [ -80.382659064439622, 8.298408514840432 ], [ -80.4806892564973, 8.090307522001069 ], [ -80.003689948227162, 7.547524115423372 ], [ -80.276670701808996, 7.419754136581716 ], [ -80.42115800649708, 7.271571966984765 ], [ -80.886400926420805, 7.220541490096537 ], [ -81.059542812814726, 7.817921047390597 ], [ -81.189715745757951, 7.64790558515034 ], [ -81.51951473664468, 7.706610012233909 ], [ -81.721311204744467, 8.108962714058435 ], [ -82.131441209628917, 8.175392767769637 ], [ -82.390934414382571, 8.292362372262289 ], [ -82.82008134635042, 8.290863755725823 ], [ -82.850958014644817, 8.073822740099956 ], [ -82.965783047197363, 8.225027980985985 ], [ -82.913176439124214, 8.42351715741907 ], [ -82.829770677405165, 8.62629547773237 ], [ -82.868657192704774, 8.807266343618522 ], [ -82.719183112300527, 8.925708726431495 ], [ -82.927154914059159, 9.074330145702916 ], [ -82.932890998043575, 9.476812038608173 ], [ -82.546196255203483, 9.566134751824677 ], [ -82.187122565423408, 9.207448635286781 ], [ -82.207586432610967, 8.9955752628901 ], [ -81.808566860669288, 8.950616766796173 ], [ -81.714154018872037, 9.031955471223583 ], [ -81.439287075511544, 8.786234035675719 ], [ -80.947301601876759, 8.858503526235907 ], [ -80.521901211250082, 9.111072089062432 ], [ -79.914599778955989, 9.312765204297619 ], [ -79.573302781884308, 9.611610012241528 ], [ -79.021191779277927, 9.552931423374105 ], [ -79.058450486960368, 9.454565334506526 ], [ -78.500887620747193, 9.420458889193881 ], [ -78.055927700498017, 9.247730414258299 ], [ -77.729513515926413, 8.946844387238869 ], [ -77.353360765273862, 8.67050466555807 ], [ -77.474722866511328, 8.524286200388218 ] ] ] } },
{ "type": "Feature", "properties": { "pop_est": 4930258, "continent": "North America", "name": "Costa Rica", "iso_a3": "CRI", "gdp_md_est": 79260.0 }, "geometry": { "type": "Polygon", "coordinates": [ [ [ -82.932890998043575, 9.476812038608173 ], [ -82.927154914059159, 9.074330145702916 ], [ -82.719183112300527, 8.925708726431495 ], [ -82.868657192704774, 8.807266343618522 ], [ -82.829770677405165, 8.62629547773237 ], [ -82.913176439124214, 8.42351715741907 ], [ -82.965783047197363, 8.225027980985985 ], [ -83.508437262694315, 8.446926581247283 ], [ -83.711473965169077, 8.656836249216866 ], [ -83.596313035806645, 8.830443223501419 ], [ -83.632641567707836, 9.051385809765321 ], [ -83.909885626953738, 9.290802720573581 ], [ -84.303401658856359, 9.487354030795714 ], [ -84.647644212568665, 9.615537421095709 ], [ -84.713350796227772, 9.908051866083852 ], [ -84.975660366541334, 10.086723130733006 ], [ -84.91137488477024, 9.795991522658923 ], [ -85.11092342806532, 9.55703969974131 ], [ -85.339488288092269, 9.83454214114866 ], [ -85.66078650586698, 9.933347479690724 ], [ -85.797444831062847, 10.134885565629034 ], [ -85.791708747078431, 10.439337266476613 ], [ -85.659313727546674, 10.754330959511719 ], [ -85.941725430021762, 10.895278428587801 ], [ -85.712540452807303, 11.088444932494824 ], [ -85.561851976244199, 11.217119248901597 ], [ -84.903003302738952, 10.952303371621896 ], [ -84.673069017256267, 11.082657172078143 ], [ -84.35593075228104, 10.999225572142905 ], [ -84.19017859570485, 10.793450018756674 ], [ -83.895054490885954, 10.726839097532446 ], [ -83.655611741861577, 10.938764146361422 ], [ -83.402319708982958, 10.395438137244653 ], [ -83.015676642575173, 9.992982082555557 ], [ -82.546196255203483, 9.566134751824677 ], [ -82.932890998043575, 9.476812038608173 ] ] ] } },
{ "type": "Feature", "properties": { "pop_est": 6025951, "continent": "North America", "name": "Nicaragua", "iso_a3": "NIC", "gdp_md_est": 33550.0 }, "geometry": { "type": "Polygon", "coordinates": [ [ [ -83.895054490885954, 10.726839097532446 ], [ -84.19017859570485, 10.793450018756674 ], [ -84.35593075228104, 10.999225572142905 ], [ -84.673069017256267, 11.082657172078143 ], [ -84.903003302738952, 10.952303371621896 ], [ -85.561851976244199, 11.217119248901597 ], [ -85.712540452807303, 11.088444932494824 ], [ -86.058488328785259, 11.403438625529944 ], [ -86.525849982432959, 11.806876532432597 ], [ -86.745991583996329, 12.143961900272487 ], [ -87.16751624220116, 12.458257961471658 ], [ -87.668493415054712, 12.909909979702633 ], [ -87.557466600275617, 13.064551703336065 ], [ -87.392386237319229, 12.914018256069838 ], [ -87.316654425795491, 12.984685777228975 ], [ -87.005769009127576, 13.025794379117158 ], [ -86.880557013684381, 13.254204209847217 ], [ -86.733821784191605, 13.263092556201443 ], [ -86.75508663607971, 13.754845485890913 ], [ -86.52070817741992, 13.778487453664468 ], [ -86.312142096689925, 13.77135610600817 ], [ -86.096263800790609, 14.038187364147234 ], [ -85.80129472526859, 13.836054999237589 ], [ -85.698665330736958, 13.960078436738002 ], [ -85.514413011400279, 14.079011745657908 ], [ -85.165364549484821, 14.354369615125051 ], [ -85.148750576502962, 14.560196844943617 ], [ -85.052787441736939, 14.551541042534723 ], [ -84.924500698572402, 14.79049286545235 ], [ -84.82003679069436, 14.819586696832671 ], [ -84.649582078779645, 14.666805324761867 ], [ -84.449335903648603, 14.621614284722511 ], [ -84.228341640952408, 14.748764146376629 ], [ -83.97572140169359, 14.749435939996488 ], [ -83.628584967772923, 14.880073960830302 ], [ -83.489988776366118, 15.016267198135537 ], [ -83.147219000974133, 14.995829169164111 ], [ -83.233234422523935, 14.899866034398102 ], [ -83.284161546547594, 14.676623846897201 ], [ -83.182126430987282, 14.31070302983845 ], [ -83.412499966144452, 13.970077826386557 ], [ -83.519831916014681, 13.567699286345883 ], [ -83.552207200845544, 13.127054348193086 ], [ -83.498515387694269, 12.869292303921227 ], [ -83.473323126951982, 12.419087225794428 ], [ -83.626104499022915, 12.320850328007566 ], [ -83.719613003255063, 11.893124497927728 ], [ -83.650857510090717, 11.62903209070012 ], [ -83.855470343750397, 11.373311265503787 ], [ -83.808935716471552, 11.103043524617275 ], [ -83.655611741861577, 10.938764146361422 ], [ -83.895054490885954, 10.726839097532446 ] ] ] } },
{ "type": "Feature", "properties": { "pop_est": 9038741, "continent": "North America", "name": "Honduras", "iso_a3": "HND", "gdp_md_est": 43190.0 }, "geometry": { "type": "Polygon", "coordinates": [ [ [ -83.489988776366118, 15.016267198135537 ], [ -83.628584967772923, 14.880073960830302 ], [ -83.97572140169359, 14.749435939996488 ], [ -84.228341640952408, 14.748764146376629 ], [ -84.449335903648603, 14.621614284722511 ], [ -84.649582078779645, 14.666805324761867 ], [ -84.82003679069436, 14.819586696832671 ], [ -84.924500698572402, 14.79049286545235 ], [ -85.052787441736939, 14.551541042534723 ], [ -85.148750576502962, 14.560196844943617 ], [ -85.165364549484821, 14.354369615125051 ], [ -85.514413011400279, 14.079011745657908 ], [ -85.698665330736958, 13.960078436738002 ], [ -85.80129472526859, 13.836054999237589 ], [ -86.096263800790609, 14.038187364147234 ], [ -86.312142096689925, 13.77135610600817 ], [ -86.52070817741992, 13.778487453664468 ], [ -86.75508663607971, 13.754845485890913 ], [ -86.733821784191605, 13.263092556201443 ], [ -86.880557013684381, 13.254204209847217 ], [ -87.005769009127576, 13.025794379117158 ], [ -87.316654425795491, 12.984685777228975 ], [ -87.489408738947134, 13.297534898323931 ], [ -87.793111131526572, 13.384480495655055 ], [ -87.723502977229401, 13.785050360565506 ], [ -87.859515347021613, 13.893312486217098 ], [ -88.065342576840138, 13.964625962779778 ], [ -88.503997972349708, 13.845485948130857 ], [ -88.541230841816002, 13.980154730683479 ], [ -88.843072882832843, 14.140506700085171 ], [ -89.058511929057659, 14.340029405164087 ], [ -89.353325975282814, 14.424132798719086 ], [ -89.145535041037192, 14.678019110569153 ], [ -89.225220099631272, 14.874286200413621 ], [ -89.154810960633569, 15.06641917567481 ], [ -88.680679694355632, 15.346247056535304 ], [ -88.225022752622024, 15.727722479713904 ], [ -88.121153123715374, 15.688655096901357 ], [ -87.901812506852423, 15.864458319558196 ], [ -87.615680101252337, 15.878798529519202 ], [ -87.522920905288458, 15.797278957578783 ], [ -87.367762417332131, 15.846940009011291 ], [ -86.903191291028179, 15.756712958229571 ], [ -86.440945604177386, 15.782835394753192 ], [ -86.119233974944336, 15.893448798073962 ], [ -86.001954311857844, 16.005405788634391 ], [ -85.683317430346278, 15.953651841693954 ], [ -85.444003872402561, 15.885749009662447 ], [ -85.182443610357211, 15.909158433490632 ], [ -84.983721889978824, 15.995923163308703 ], [ -84.526979743167146, 15.857223619037427 ], [ -84.368255581382584, 15.835157782448732 ], [ -84.063054572266822, 15.648244126849136 ], [ -83.773976610026125, 15.424071763566872 ], [ -83.410381232420377, 15.270902818253774 ], [ -83.147219000974133, 14.995829169164111 ], [ -83.489988776366118, 15.016267198135537 ] ] ] } },
{ "type": "Feature", "properties": { "pop_est": 6172011, "continent": "North America", "name": "El Salvador", "iso_a3": "SLV", "gdp_md_est": 54790.0 }, "geometry": { "type": "Polygon", "coordinates": [ [ [ -89.058511929057659, 14.340029405164087 ], [ -88.843072882832843, 14.140506700085171 ], [ -88.541230841816002, 13.980154730683479 ], [ -88.503997972349708, 13.845485948130857 ], [ -88.065342576840138, 13.964625962779778 ], [ -87.859515347021613, 13.893312486217098 ], [ -87.723502977229401, 13.785050360565506 ], [ -87.793111131526572, 13.384480495655055 ], [ -87.904112108089521, 13.149016831917137 ], [ -88.48330156121682, 13.163951320849492 ], [ -88.84322791212972, 13.259733588102478 ], [ -89.256742723329296, 13.458532823129303 ], [ -89.812393561547665, 13.520622056527998 ], [ -90.095554572290979, 13.735337632700734 ], [ -90.064677903996596, 13.881969509328925 ], [ -89.721933966820728, 14.134228013561696 ], [ -89.534219326520514, 14.244815578666305 ], [ -89.587342698916558, 14.36258616785949 ], [ -89.353325975282814, 14.424132798719086 ], [ -89.058511929057659, 14.340029405164087 ] ] ] } },
{ "type": "Feature", "properties": { "pop_est": 15460732, "continent": "North America", "name": "Guatemala", "iso_a3": "GTM", "gdp_md_est": 131800.0 }, "geometry": { "type": "Polygon", "coordinates": [ [ [ -92.203229539747326, 14.830102850804069 ], [ -92.087215949252069, 15.064584662328441 ], [ -92.229248623406306, 15.251446641495875 ], [ -91.747960171255954, 16.066564846251765 ], [ -90.464472622422662, 16.069562079324655 ], [ -90.438866950222035, 16.410109768128095 ], [ -90.600846727240935, 16.47077789963879 ], [ -90.711821865587723, 16.687483018454728 ], [ -91.081670091500655, 16.918476670799407 ], [ -91.453921271515156, 17.252177232324172 ], [ -91.002269253284211, 17.25465770107418 ], [ -91.001519945015957, 17.81759491624571 ], [ -90.067933519230976, 17.819326076727478 ], [ -89.14308041050333, 17.808318996649405 ], [ -89.150806037130948, 17.015576687075836 ], [ -89.229121670269279, 15.886937567605171 ], [ -88.930612759135272, 15.887273464415076 ], [ -88.604586147805847, 15.70638011317736 ], [ -88.51836402052686, 15.855389105690975 ], [ -88.225022752622024, 15.727722479713904 ], [ -88.680679694355632, 15.346247056535304 ], [ -89.154810960633569, 15.06641917567481 ], [ -89.225220099631272, 14.874286200413621 ], [ -89.145535041037192, 14.678019110569153 ], [ -89.353325975282814, 14.424132798719086 ], [ -89.587342698916558, 14.36258616785949 ], [ -89.534219326520514, 14.244815578666305 ], [ -89.721933966820728, 14.134228013561696 ], [ -90.064677903996596, 13.881969509328925 ], [ -90.095554572290979, 13.735337632700734 ], [ -90.608624030300845, 13.909771429901951 ], [ -91.232410244496052, 13.927832342987957 ], [ -91.689746670279135, 14.126218166556455 ], [ -92.227750006869826, 14.538828640190928 ], [ -92.203229539747326, 14.830102850804069 ] ] ] } },
{ "type": "Feature", "properties": { "pop_est": 360346, "continent": "North America", "name": "Belize", "iso_a3": "BLZ", "gdp_md_est": 3088.0 }, "geometry": { "type": "Polygon", "coordinates": [ [ [ -89.150909389995533, 17.955467637600421 ], [ -89.029857347351822, 18.001511338772488 ], [ -88.848343878926613, 17.883198147040233 ], [ -88.490122850279349, 18.486830552641607 ], [ -88.300031094093697, 18.499982204659901 ], [ -88.296336229184817, 18.353272813383271 ], [ -88.106812913754382, 18.348673610909287 ], [ -88.123478563168504, 18.07667470954101 ], [ -88.285354987322805, 17.644142971258034 ], [ -88.197866787452654, 17.489475409408456 ], [ -88.302640753924436, 17.131693630435663 ], [ -88.239517991879907, 17.036066392479555 ], [ -88.355428229510565, 16.530774237529627 ], [ -88.55182451043585, 16.265467434143147 ], [ -88.732433641295941, 16.233634751851355 ], [ -88.930612759135272, 15.887273464415076 ], [ -89.229121670269279, 15.886937567605171 ], [ -89.150806037130948, 17.015576687075836 ], [ -89.14308041050333, 17.808318996649405 ], [ -89.150909389995533, 17.955467637600421 ] ] ] } },
{ "type": "Feature", "properties": { "pop_est": 31304016, "continent": "South America", "name": "Venezuela", "iso_a3": "VEN", "gdp_md_est": 468600.0 }, "geometry": { "type": "Polygon", "coordinates": [ [ [ -60.601179165271944, 4.91809804933213 ], [ -60.966893276601539, 4.536467596856639 ], [ -62.085429653559132, 4.162123521334308 ], [ -62.804533047116706, 4.006965033377952 ], [ -63.093197597899106, 3.770571193858785 ], [ -63.888342861574159, 4.020530096854571 ], [ -64.628659430587547, 4.14848094320925 ], [ -64.816064012294021, 4.056445217297423 ], [ -64.368494432214106, 3.797210394705246 ], [ -64.408827887617917, 3.126786200366624 ], [ -64.269999152265797, 2.497005520025567 ], [ -63.422867397705119, 2.411067613124175 ], [ -63.368788011311665, 2.200899562993129 ], [ -64.083085496666087, 1.91636912679408 ], [ -64.199305792890513, 1.49285492594602 ], [ -64.611011928959869, 1.328730576987042 ], [ -65.354713304288367, 1.0952822941085 ], [ -65.548267381437569, 0.78925446207603 ], [ -66.325765143484958, 0.724452215982012 ], [ -66.87632585312258, 1.253360500489336 ], [ -67.18129431829307, 2.250638129074062 ], [ -67.447092047786313, 2.600280869960869 ], [ -67.809938117123707, 2.820655015469569 ], [ -67.303173183853445, 3.31845408773718 ], [ -67.337563849543685, 3.542342230641722 ], [ -67.621835903581285, 3.839481716319995 ], [ -67.823012254493548, 4.503937282728899 ], [ -67.744696621355217, 5.221128648291668 ], [ -67.521531948502755, 5.556870428891969 ], [ -67.341439581965574, 6.095468044454023 ], [ -67.695087246355016, 6.267318020040647 ], [ -68.26505245631823, 6.153268133972475 ], [ -68.985318569602356, 6.206804917826858 ], [ -69.389479946557117, 6.099860541198836 ], [ -70.093312954372422, 6.96037649172311 ], [ -70.674233567981517, 7.087784735538719 ], [ -71.960175747348643, 6.991614895043539 ], [ -72.198352423781884, 7.340430813013683 ], [ -72.444487270788073, 7.423784898300482 ], [ -72.479678921178845, 7.632506008327354 ], [ -72.360900641555972, 8.002638454617895 ], [ -72.439862230097958, 8.405275376820029 ], [ -72.660494757768106, 8.625287787302682 ], [ -72.788729824500393, 9.085027167187334 ], [ -73.304951544880055, 9.151999823437606 ], [ -73.027604132769568, 9.736770331252444 ], [ -72.905286017534706, 10.450344346554772 ], [ -72.614657762325209, 10.821975409381778 ], [ -72.227575446242938, 11.108702093953241 ], [ -71.973921678338286, 11.60867157637712 ], [ -71.331583624950298, 11.776284084515808 ], [ -71.360005662710819, 11.539993597861212 ], [ -71.947049933546509, 11.423282375530022 ], [ -71.620868292920193, 10.969459947142795 ], [ -71.633063930941091, 10.446494452349029 ], [ -72.074173956984509, 9.865651353388373 ], [ -71.695644090446535, 9.072263088411248 ], [ -71.264559292267734, 9.137194525585983 ], [ -71.03999935574339, 9.859992784052409 ], [ -71.350083787710787, 10.211935126176215 ], [ -71.400623338492238, 10.968969021036015 ], [ -70.155298834906517, 11.375481675660041 ], [ -70.29384334988103, 11.846822414594214 ], [ -69.943244594996827, 12.162307033736099 ], [ -69.584300096297468, 11.459610907431212 ], [ -68.882999233664449, 11.443384507691563 ], [ -68.23327145045873, 10.885744126829946 ], [ -68.194126552997631, 10.554653225135922 ], [ -67.296248541926332, 10.54586823164631 ], [ -66.227864142507997, 10.648626817258688 ], [ -65.655237596281751, 10.200798855017323 ], [ -64.89045223657817, 10.077214667191299 ], [ -64.329478725833738, 10.38959870039568 ], [ -64.318006557864948, 10.64141795495398 ], [ -63.079322475828732, 10.7017243514386 ], [ -61.880946010980196, 10.715625311725104 ], [ -62.730118984616411, 10.420268662960906 ], [ -62.388511928950976, 9.94820445397464 ], [ -61.58876746280194, 9.873066921422264 ], [ -60.830596686431718, 9.381339829948942 ], [ -60.671252407459733, 8.580174261911878 ], [ -60.15009558779618, 8.602756862823426 ], [ -59.758284878159195, 8.367034816924047 ], [ -60.5505879380582, 7.779602972846178 ], [ -60.637972785063766, 7.414999904810855 ], [ -60.295668097562398, 7.043911444522919 ], [ -60.543999192940987, 6.856584377464883 ], [ -61.159336310456482, 6.696077378766319 ], [ -61.139415045807951, 6.234296779806144 ], [ -61.410302903881956, 5.959068101419618 ], [ -60.733574184803722, 5.200277207861901 ], [ -60.601179165271944, 4.91809804933213 ] ] ] } },
{ "type": "Feature", "properties": { "pop_est": 737718, "continent": "South America", "name": "Guyana", "iso_a3": "GUY", "gdp_md_est": 6093.0 }, "geometry": { "type": "Polygon", "coordinates": [ [ [ -56.782704230360828, 1.863710842288654 ], [ -57.335822923396904, 1.948537705895759 ], [ -57.660971035377372, 1.682584947105639 ], [ -58.113449876525017, 1.507195135907025 ], [ -58.429477098205965, 1.463941962078721 ], [ -58.540012986878295, 1.268088283692521 ], [ -59.030861579002647, 1.317697658692722 ], [ -59.646043667221257, 1.786893825686789 ], [ -59.718545701726747, 2.24963043864436 ], [ -59.974524909084558, 2.755232652188056 ], [ -59.815413174057866, 3.606498521332085 ], [ -59.538039923731233, 3.958802598481938 ], [ -59.767405768458715, 4.423502915866607 ], [ -60.11100236676738, 4.574966538914083 ], [ -59.980958624904886, 5.014061184098139 ], [ -60.213683437731333, 5.244486395687602 ], [ -60.733574184803722, 5.200277207861901 ], [ -61.410302903881956, 5.959068101419618 ], [ -61.139415045807951, 6.234296779806144 ], [ -61.159336310456482, 6.696077378766319 ], [ -60.543999192940987, 6.856584377464883 ], [ -60.295668097562398, 7.043911444522919 ], [ -60.637972785063766, 7.414999904810855 ], [ -60.5505879380582, 7.779602972846178 ], [ -59.758284878159195, 8.367034816924047 ], [ -59.101684129458661, 7.999201971870492 ], [ -58.482962205628063, 7.347691351750697 ], [ -58.454876064677421, 6.832787380394464 ], [ -58.078103196837375, 6.809093736188643 ], [ -57.542218593970645, 6.321268215353356 ], [ -57.147436489476888, 5.973149929219161 ], [ -57.307245856339506, 5.073566595882227 ], [ -57.914288906472137, 4.812626451024414 ], [ -57.860209520078698, 4.57680105226045 ], [ -58.044694383360678, 4.060863552258382 ], [ -57.60156897645787, 3.334654649260685 ], [ -57.28143347840971, 3.333491929534119 ], [ -57.150097825739913, 2.768926906745406 ], [ -56.539385748914555, 1.899522609866921 ], [ -56.782704230360828, 1.863710842288654 ] ] ] } },
{ "type": "Feature", "properties": { "pop_est": 591919, "continent": "South America", "name": "Suriname", "iso_a3": "SUR", "gdp_md_est": 8547.0 }, "geometry": { "type": "Polygon", "coordinates": [ [ [ -55.097587449755139, 2.523748073736613 ], [ -55.569755011605999, 2.421506252447131 ], [ -55.973322109589375, 2.510363877773017 ], [ -56.073341844290297, 2.220794989425499 ], [ -55.905600145070885, 2.02199575439866 ], [ -55.995698004771754, 1.817667141116601 ], [ -56.539385748914555, 1.899522609866921 ], [ -57.150097825739913, 2.768926906745406 ], [ -57.28143347840971, 3.333491929534119 ], [ -57.60156897645787, 3.334654649260685 ], [ -58.044694383360678, 4.060863552258382 ], [ -57.860209520078698, 4.57680105226045 ], [ -57.914288906472137, 4.812626451024414 ], [ -57.307245856339506, 5.073566595882227 ], [ -57.147436489476888, 5.973149929219161 ], [ -55.9493184067898, 5.772877915872002 ], [ -55.841779751190415, 5.95312531170606 ], [ -55.033250291551774, 6.025291449401664 ], [ -53.958044603070903, 5.756548163267765 ], [ -54.478632981979231, 4.896755682795586 ], [ -54.399542202356514, 4.212611395683467 ], [ -54.006930508019011, 3.620037746592558 ], [ -54.181726040246275, 3.189779771330421 ], [ -54.269705166223197, 2.732391669115046 ], [ -54.524754197799716, 2.311848863123785 ], [ -55.097587449755139, 2.523748073736613 ] ] ] } },
{ "type": "Feature", "properties": { "pop_est": 67106161, "continent": "Europe", "name": "France", "iso_a3": "-99", "gdp_md_est": 2699000.0 }, "geometry": { "type": "MultiPolygon", "coordinates": [ [ [ [ -52.249337531123956, 3.241094468596245 ], [ -52.556424730018421, 2.504705308437053 ], [ -52.939657151894956, 2.124857692875636 ], [ -53.418465135295307, 2.053389187015981 ], [ -53.554839240113544, 2.334896551925951 ], [ -53.778520677288917, 2.376702785650082 ], [ -54.08806250671725, 2.105556545414629 ], [ -54.524754197799716, 2.311848863123785 ], [ -54.269705166223197, 2.732391669115046 ], [ -54.181726040246275, 3.189779771330421 ], [ -54.006930508019011, 3.620037746592558 ], [ -54.399542202356514, 4.212611395683467 ], [ -54.478632981979231, 4.896755682795586 ], [ -53.958044603070903, 5.756548163267765 ], [ -53.618452928264844, 5.646529038918374 ], [ -52.882141282754091, 5.409850979021584 ], [ -51.823342861525902, 4.565768133966131 ], [ -51.657797410678889, 4.156232408053029 ], [ -52.249337531123956, 3.241094468596245 ] ] ], [ [ [ 6.658229607783568, 49.20195831969157 ], [ 8.0, 49.030471922292897 ], [ 8.0, 48.883325143065569 ], [ 7.593676385131062, 48.333019110703717 ], [ 7.466759067422231, 47.620581976911808 ], [ 7.192202182655507, 47.449765529971017 ], [ 6.736571079138059, 47.541801255882845 ], [ 6.768713820023606, 47.287708238303701 ], [ 6.037388950229001, 46.725778713561866 ], [ 6.022609490593538, 46.272989813820473 ], [ 6.500099724970426, 46.429672756529442 ], [ 6.843592970414505, 45.991146552100609 ], [ 6.802355177445605, 45.708579820328637 ], [ 7.096652459347837, 45.333098863295888 ], [ 6.749955275101655, 45.028517971367577 ], [ 7.007562290076635, 44.254766750661361 ], [ 7.549596388386107, 44.127901109384808 ], [ 7.435184767291872, 43.693844916349221 ], [ 6.52924523278304, 43.128892320318315 ], [ 4.556962517931424, 43.399650987311595 ], [ 3.100410597352663, 43.075200507167054 ], [ 2.985998976258458, 42.473015041669861 ], [ 1.826793247087153, 42.343384711265692 ], [ 0.701590610363894, 42.795734361332606 ], [ 0.338046909190581, 42.57954600683955 ], [ -1.502770961910528, 43.034014390630432 ], [ -1.901351284177764, 43.422802028978339 ], [ -1.384225226232985, 44.022610378590116 ], [ -1.193797573237418, 46.014917710954862 ], [ -2.225724249673846, 47.064362697938222 ], [ -2.963276129559603, 47.570326646507951 ], [ -4.491554938159481, 47.954954332056374 ], [ -4.592349819344776, 48.68416046812699 ], [ -3.295813971357802, 48.901692409859628 ], [ -1.616510789384961, 48.644421291694542 ], [ -1.933494025063311, 49.776341864615745 ], [ -0.98946895995536, 49.347375800160911 ], [ 1.338761020522696, 50.127173163445264 ], [ 1.6390010921385, 50.9466063502975 ], [ 2.513573032246143, 51.148506171261829 ], [ 2.658422071960274, 50.796848049515745 ], [ 3.123251580425688, 50.780363267614547 ], [ 3.588184441755658, 50.378992418003563 ], [ 4.286022983425084, 49.907496649772554 ], [ 4.799221632515724, 49.985373033236371 ], [ 5.674051954784829, 49.529483547557504 ], [ 5.897759230176348, 49.442667141307112 ], [ 6.186320428094177, 49.463802802114515 ], [ 6.658229607783568, 49.20195831969157 ] ] ] ] } },
{ "type": "Feature", "properties": { "pop_est": 16290913, "continent": "South America", "name": "Ecuador", "iso_a3": "ECU", "gdp_md_est": 182400.0 }, "geometry": { "type": "Polygon", "coordinates": [ [ [ -75.233722703741947, -0.911416924649529 ], [ -75.544995693652041, -1.56160979574588 ], [ -76.635394253226721, -2.608677666843818 ], [ -77.837904832658609, -3.003020521663103 ], [ -78.450683966775642, -3.873096612161376 ], [ -78.639897223612337, -4.547784112164074 ], [ -79.205289069317729, -4.959128513207389 ], [ -79.624979214176179, -4.454198093283495 ], [ -80.02890804718561, -4.346090996928893 ], [ -80.442241990872162, -4.425724379090674 ], [ -80.469294603176948, -4.059286797708999 ], [ -80.184014858709673, -3.821161797708044 ], [ -80.302560594387216, -3.404856459164713 ], [ -79.770293341780928, -2.65751189535964 ], [ -79.986559210922422, -2.220794366061014 ], [ -80.368783942369248, -2.685158786635788 ], [ -80.967765469064361, -2.246942640800704 ], [ -80.764806281238037, -1.965047702648533 ], [ -80.933659023751716, -1.057454522306358 ], [ -80.583370327461267, -0.906662692878683 ], [ -80.399324713853758, -0.283703301600141 ], [ -80.020898200180369, 0.360340074053468 ], [ -80.090609707342111, 0.768428859862397 ], [ -79.542762010399798, 0.982937730305963 ], [ -78.855258755188714, 1.380923773601822 ], [ -77.855061408179523, 0.809925034992773 ], [ -77.668612840470445, 0.825893052570962 ], [ -77.424984300430395, 0.395686753741117 ], [ -76.576379767549398, 0.256935533037435 ], [ -76.292314419240967, 0.416047268064119 ], [ -75.801465827116601, 0.084801337073202 ], [ -75.373223232713855, -0.15203175212045 ], [ -75.233722703741947, -0.911416924649529 ] ] ] } },
{ "type": "Feature", "properties": { "pop_est": 3351827, "continent": "North America", "name": "Puerto Rico", "iso_a3": "PRI", "gdp_md_est": 131000.0 }, "geometry": { "type": "Polygon", "coordinates": [ [ [ -65.7713028632093, 18.426679185453878 ], [ -65.591003790942949, 18.228034979723915 ], [ -65.847163865813769, 17.975905666571862 ], [ -66.599934455009489, 17.981822618069273 ], [ -67.184162360285271, 17.946553453030077 ], [ -67.242427537694354, 18.374460150622937 ], [ -67.10067908391774, 18.520601101144351 ], [ -66.282434455008215, 18.514761664295364 ], [ -65.7713028632093, 18.426679185453878 ] ] ] } },
{ "type": "Feature", "properties": { "pop_est": 2990561, "continent": "North America", "name": "Jamaica", "iso_a3": "JAM", "gdp_md_est": 25390.0 }, "geometry": { "type": "Polygon", "coordinates": [ [ [ -76.896618618462128, 18.400866807524082 ], [ -76.365359056285541, 18.160700588447597 ], [ -76.199658576141644, 17.886867173732966 ], [ -76.9025614081757, 17.868237819891746 ], [ -77.206341315403478, 17.701116237859821 ], [ -77.766022915340614, 17.861597398342241 ], [ -78.33771928578561, 18.225967922432233 ], [ -78.217726610003879, 18.454532782459196 ], [ -77.797364671525628, 18.524218451404778 ], [ -77.569600796199211, 18.490525417550487 ], [ -76.896618618462128, 18.400866807524082 ] ] ] } },
{ "type": "Feature", "properties": { "pop_est": 11147407, "continent": "North America", "name": "Cuba", "iso_a3": "CUB", "gdp_md_est": 132900.0 }, "geometry": { "type": "Polygon", "coordinates": [ [ [ -81.404457160146833, 23.117271429938782 ], [ -80.618768683581195, 23.105980129483001 ], [ -79.67952368846025, 22.76530324959883 ], [ -79.281485968732085, 22.399201565027056 ], [ -78.347434455056487, 22.512166246017088 ], [ -77.993295864560281, 22.277193508385935 ], [ -77.146422492161051, 21.657851467367834 ], [ -76.523824835908556, 21.206819566324373 ], [ -76.19462012399319, 21.220565497314013 ], [ -75.59822241891267, 21.016624457274133 ], [ -75.671060350228061, 20.735091254148003 ], [ -74.933896043584497, 20.693905137611385 ], [ -74.17802486845126, 20.284627793859741 ], [ -74.296648118777256, 20.050378526280682 ], [ -74.961594611292938, 19.923435370355691 ], [ -75.634680141894592, 19.873774318923196 ], [ -76.323656175425995, 19.95289093676206 ], [ -77.755480923153073, 19.855480861891877 ], [ -77.085108405246743, 20.413353786698792 ], [ -77.492654588516615, 20.673105373613893 ], [ -78.137292243141587, 20.739948838783434 ], [ -78.482826707661189, 21.028613389565852 ], [ -78.719866502584011, 21.598113511638434 ], [ -79.284999966127941, 21.559175319906501 ], [ -80.217475348618649, 21.827324327069036 ], [ -80.517534552721415, 22.03707896574176 ], [ -81.820943366203181, 22.192056586185071 ], [ -82.16999182811864, 22.387109279870753 ], [ -81.795001797192668, 22.636964830001958 ], [ -82.775897996740852, 22.688150336187064 ], [ -83.494458787759356, 22.168517971276131 ], [ -83.908800421875625, 22.154565334557333 ], [ -84.052150845053262, 21.910575059491254 ], [ -84.54703019889638, 21.801227728761646 ], [ -84.974911058273108, 21.89602814380109 ], [ -84.447062140627764, 22.204949856041907 ], [ -84.230357021811784, 22.565754706303764 ], [ -83.778239915690193, 22.788118394455694 ], [ -83.26754757356575, 22.983041897060644 ], [ -82.510436164057509, 23.078746649665188 ], [ -82.268151211257063, 23.188610744717707 ], [ -81.404457160146833, 23.117271429938782 ] ] ] } },
{ "type": "Feature", "properties": { "pop_est": 14668522, "continent": "Africa", "name": "Senegal", "iso_a3": "SEN", "gdp_md_est": 39720.0 }, "geometry": { "type": "Polygon", "coordinates": [ [ [ -17.126106736712615, 14.373515733289224 ], [ -17.625042690490659, 14.729540513564073 ], [ -17.185172898822231, 14.919477240452862 ], [ -16.700706346085923, 15.621527411354108 ], [ -16.463098110407884, 16.13503611903846 ], [ -16.120690070041931, 16.455662543193384 ], [ -15.623666144258692, 16.369337063049812 ], [ -15.135737270558819, 16.587282416240782 ], [ -14.577347581428981, 16.598263658102809 ], [ -14.099521450242179, 16.304302273010492 ], [ -13.435737677453062, 16.039383042866191 ], [ -12.830658331747516, 15.303691514542948 ], [ -12.170750291380301, 14.616834214735505 ], [ -12.124887457721259, 13.994727484589788 ], [ -11.927716030311615, 13.422075100147396 ], [ -11.553397793005431, 13.141213690641067 ], [ -11.467899135778524, 12.754518947800975 ], [ -11.513942836950591, 12.442987575729418 ], [ -11.658300950557932, 12.386582749882836 ], [ -12.203564825885634, 12.465647691289405 ], [ -12.27859900557344, 12.354440008997287 ], [ -12.499050665730564, 12.332089952031057 ], [ -13.217818162478238, 12.575873521367967 ], [ -13.700476040084325, 12.586182969610194 ], [ -15.54847693527401, 12.628170070847347 ], [ -15.816574266004254, 12.515567124883347 ], [ -16.147716844130585, 12.547761542201187 ], [ -16.677451951554573, 12.384851589401052 ], [ -16.841524624081273, 13.151393947802561 ], [ -15.931295945692211, 13.130284125211332 ], [ -15.691000535534995, 13.270353094938457 ], [ -15.511812506562933, 13.278569647672867 ], [ -15.141163295949468, 13.509511623585238 ], [ -14.712197231494628, 13.298206691943777 ], [ -14.277701788784555, 13.280585028532244 ], [ -13.844963344772408, 13.505041612192002 ], [ -14.046992356817482, 13.794067898000449 ], [ -14.376713833055788, 13.625680243377374 ], [ -14.687030808968487, 13.630356960499784 ], [ -15.081735398813819, 13.876491807505985 ], [ -15.39877031092446, 13.860368760630919 ], [ -15.624596320039942, 13.623587347869559 ], [ -16.713728807023472, 13.594958604379855 ], [ -17.126106736712615, 14.373515733289224 ] ] ] } },
{ "type": "Feature", "properties": { "pop_est": 17885245, "continent": "Africa", "name": "Mali", "iso_a3": "MLI", "gdp_md_est": 38090.0 }, "geometry": { "type": "Polygon", "coordinates": [ [ [ -11.467899135778524, 12.754518947800975 ], [ -11.553397793005431, 13.141213690641067 ], [ -11.927716030311615, 13.422075100147396 ], [ -12.124887457721259, 13.994727484589788 ], [ -12.170750291380301, 14.616834214735505 ], [ -11.834207526079467, 14.799096991428939 ], [ -11.666078253617854, 15.388208319556298 ], [ -11.349095017939504, 15.411256008358478 ], [ -10.650791388379417, 15.132745876521426 ], [ -10.086846482778213, 15.330485744686271 ], [ -9.700255092802706, 15.264107367407362 ], [ -9.550238409859389, 15.486496893775438 ], [ -5.537744309908447, 15.501689764869257 ], [ -5.315277268891933, 16.201853745991841 ], [ -5.488522508150439, 16.325102037007966 ], [ -5.971128709324248, 20.640833441647629 ], [ -6.453786586930335, 24.956590684503425 ], [ -4.923337368174231, 24.974574082941 ], [ -1.550054897457613, 22.792665920497384 ], [ 1.823227573259032, 20.610809434486043 ], [ 2.06099083823392, 20.142233384679486 ], [ 2.683588494486429, 19.856230170160117 ], [ 3.1466610042539, 19.693578599521445 ], [ 3.158133172222705, 19.057364203360038 ], [ 4.267419467800039, 19.155265204336999 ], [ 4.270209995143802, 16.852227484601215 ], [ 3.723421665063483, 16.184283759012615 ], [ 3.638258904646477, 15.568119818580456 ], [ 2.749992709981484, 15.409524847876696 ], [ 1.385528191746858, 15.323561102759172 ], [ 1.015783318698482, 14.96818227788799 ], [ 0.374892205414682, 14.92890818934613 ], [ -0.26625729003058, 14.924308986872148 ], [ -0.515854458000348, 15.116157741755728 ], [ -1.066363491205664, 14.973815009007765 ], [ -2.001035122068771, 14.559008287000893 ], [ -2.191824510090385, 14.246417548067356 ], [ -2.967694464520577, 13.79815033615151 ], [ -3.10370683431276, 13.541266791228594 ], [ -3.522802700199861, 13.337661647998615 ], [ -4.006390753587226, 13.472485459848116 ], [ -4.28040503581488, 13.228443508349741 ], [ -4.427166103523803, 12.542645575404295 ], [ -5.220941941743121, 11.713858954307227 ], [ -5.197842576508648, 11.37514577885014 ], [ -5.470564947929006, 10.951269842976048 ], [ -5.404341599946974, 10.370736802609146 ], [ -5.816926235365287, 10.222554633012194 ], [ -6.050452032892267, 10.096360785355444 ], [ -6.205222947606431, 10.524060777219134 ], [ -6.493965013037268, 10.411302801958271 ], [ -6.666460944027548, 10.430810655148449 ], [ -6.850506557635057, 10.138993841996239 ], [ -7.622759161804809, 10.147236232946796 ], [ -7.899589809592372, 10.297382106970828 ], [ -8.029943610048619, 10.206534939001713 ], [ -8.33537716310974, 10.494811916541934 ], [ -8.282357143578281, 10.792597357623846 ], [ -8.407310756860028, 10.909256903522762 ], [ -8.620321010767128, 10.810890814655183 ], [ -8.581305304386774, 11.136245632364805 ], [ -8.376304897484914, 11.393645941610629 ], [ -8.786099005559464, 11.812560939984706 ], [ -8.90526485842453, 12.088358059126437 ], [ -9.127473517279583, 12.308060411015333 ], [ -9.327616339546012, 12.334286200403454 ], [ -9.567911749703214, 12.194243068892476 ], [ -9.890992804392013, 12.060478623904972 ], [ -10.165213792348837, 11.844083563682744 ], [ -10.593223842806282, 11.92397532800598 ], [ -10.870829637078215, 12.17788747807211 ], [ -11.03655595543826, 12.211244615116515 ], [ -11.297573614944511, 12.077971096235771 ], [ -11.456168585648271, 12.076834214725338 ], [ -11.513942836950591, 12.442987575729418 ], [ -11.467899135778524, 12.754518947800975 ] ] ] } },
{ "type": "Feature", "properties": { "pop_est": 3758571, "continent": "Africa", "name": "Mauritania", "iso_a3": "MRT", "gdp_md_est": 16710.0 }, "geometry": { "type": "Polygon", "coordinates": [ [ [ -16.845193650773993, 21.333323472574879 ], [ -12.929101935263532, 21.327070624267563 ], [ -13.118754441774712, 22.771220201096256 ], [ -12.874221564169575, 23.284832261645178 ], [ -11.937224493853321, 23.374594224536168 ], [ -11.969418911171161, 25.933352769468268 ], [ -8.6872936670174, 25.881056219988906 ], [ -8.684399786809053, 27.395744126896005 ], [ -4.923337368174231, 24.974574082941 ], [ -6.453786586930335, 24.956590684503425 ], [ -5.971128709324248, 20.640833441647629 ], [ -5.488522508150439, 16.325102037007966 ], [ -5.315277268891933, 16.201853745991841 ], [ -5.537744309908447, 15.501689764869257 ], [ -9.550238409859389, 15.486496893775438 ], [ -9.700255092802706, 15.264107367407362 ], [ -10.086846482778213, 15.330485744686271 ], [ -10.650791388379417, 15.132745876521426 ], [ -11.349095017939504, 15.411256008358478 ], [ -11.666078253617854, 15.388208319556298 ], [ -11.834207526079467, 14.799096991428939 ], [ -12.170750291380301, 14.616834214735505 ], [ -12.830658331747516, 15.303691514542948 ], [ -13.435737677453062, 16.039383042866191 ], [ -14.099521450242179, 16.304302273010492 ], [ -14.577347581428981, 16.598263658102809 ], [ -15.135737270558819, 16.587282416240782 ], [ -15.623666144258692, 16.369337063049812 ], [ -16.120690070041931, 16.455662543193384 ], [ -16.463098110407884, 16.13503611903846 ], [ -16.549707810929064, 16.673892116761962 ], [ -16.270551723688357, 17.166962795474873 ], [ -16.14634741867485, 18.108481553616656 ], [ -16.256883307347167, 19.096715806550307 ], [ -16.37765112961327, 19.593817246981985 ], [ -16.277838100641517, 20.092520656814699 ], [ -16.536323614965468, 20.567866319251493 ], [ -17.063423224342571, 20.999752102130827 ], [ -16.845193650773993, 21.333323472574879 ] ] ] } },
{ "type": "Feature", "properties": { "pop_est": 11038805, "continent": "Africa", "name": "Benin", "iso_a3": "BEN", "gdp_md_est": 24310.0 }, "geometry": { "type": "Polygon", "coordinates": [ [ [ 1.865240512712319, 6.142157701029731 ], [ 1.618950636409238, 6.832038072126238 ], [ 1.664477573258381, 9.128590399609379 ], [ 1.46304284018467, 9.334624335157088 ], [ 1.425060662450136, 9.825395412633 ], [ 1.077795037448738, 10.175606594275024 ], [ 0.772335646171484, 10.470808213742359 ], [ 0.899563022474069, 10.99733938236426 ], [ 1.243469679376489, 11.110510769083461 ], [ 1.447178175471066, 11.547719224488858 ], [ 1.935985548519881, 11.641150214072553 ], [ 2.154473504249921, 11.940150051313339 ], [ 2.49016360841793, 12.233052069543675 ], [ 2.848643019226586, 12.235635891158211 ], [ 3.611180454125559, 11.660167141155968 ], [ 3.572216424177469, 11.32793935795152 ], [ 3.797112257511714, 10.734745591673105 ], [ 3.600070021182802, 10.332186184119408 ], [ 3.705438266625919, 10.063210354040208 ], [ 3.220351596702101, 9.444152533399702 ], [ 2.912308383810256, 9.137607937044322 ], [ 2.723792758809509, 8.506845404489709 ], [ 2.74906253420022, 7.870734361192888 ], [ 2.691701694356254, 6.258817246928629 ], [ 1.865240512712319, 6.142157701029731 ] ] ] } },
{ "type": "Feature", "properties": { "pop_est": 19245344, "continent": "Africa", "name": "Niger", "iso_a3": "NER", "gdp_md_est": 20150.0 }, "geometry": { "type": "Polygon", "coordinates": [ [ [ 7.804671258178786, 13.343526923063747 ], [ 7.330746697630019, 13.098038031461201 ], [ 6.820441928747754, 13.115091254117518 ], [ 6.445426059605637, 13.492768459522678 ], [ 5.443058302440136, 13.865923977102227 ], [ 4.368343540066007, 13.747481594289411 ], [ 4.107945997747322, 13.531215725147831 ], [ 3.967282749048849, 12.956108710171575 ], [ 3.680633579125811, 12.552903347214226 ], [ 3.611180454125559, 11.660167141155968 ], [ 2.848643019226586, 12.235635891158211 ], [ 2.49016360841793, 12.233052069543675 ], [ 2.154473504249921, 11.940150051313339 ], [ 2.177107781593776, 12.625017808477535 ], [ 1.024103224297477, 12.851825669806574 ], [ 0.993045688490071, 13.335749620003824 ], [ 0.429927605805517, 13.988733018443924 ], [ 0.295646396495101, 14.444234930880654 ], [ 0.374892205414682, 14.92890818934613 ], [ 1.015783318698482, 14.96818227788799 ], [ 1.385528191746858, 15.323561102759172 ], [ 2.749992709981484, 15.409524847876696 ], [ 3.638258904646477, 15.568119818580456 ], [ 3.723421665063483, 16.184283759012615 ], [ 4.270209995143802, 16.852227484601215 ], [ 4.267419467800039, 19.155265204336999 ], [ 5.677565952180686, 19.601206976799716 ], [ 8.0, 21.176957835492281 ], [ 8.0, 13.260107705484931 ], [ 7.804671258178786, 13.343526923063747 ] ] ] } },
{ "type": "Feature", "properties": { "pop_est": 190632261, "continent": "Africa", "name": "Nigeria", "iso_a3": "NGA", "gdp_md_est": 1089000.0 }, "geometry": { "type": "Polygon", "coordinates": [ [ [ 2.74906253420022, 7.870734361192888 ], [ 2.723792758809509, 8.506845404489709 ], [ 2.912308383810256, 9.137607937044322 ], [ 3.220351596702101, 9.444152533399702 ], [ 3.705438266625919, 10.063210354040208 ], [ 3.600070021182802, 10.332186184119408 ], [ 3.797112257511714, 10.734745591673105 ], [ 3.572216424177469, 11.32793935795152 ], [ 3.611180454125559, 11.660167141155968 ], [ 3.680633579125811, 12.552903347214226 ], [ 3.967282749048849, 12.956108710171575 ], [ 4.107945997747322, 13.531215725147831 ], [ 4.368343540066007, 13.747481594289411 ], [ 5.443058302440136, 13.865923977102227 ], [ 6.445426059605637, 13.492768459522678 ], [ 6.820441928747754, 13.115091254117518 ], [ 7.330746697630019, 13.098038031461201 ], [ 7.804671258178786, 13.343526923063747 ], [ 8.0, 13.260107705484931 ], [ 8.0, 4.598563144336929 ], [ 7.462108188515941, 4.412108262546241 ], [ 7.082596469764439, 4.464689032403228 ], [ 6.6980721370806, 4.240594183769517 ], [ 5.898172641634687, 4.262453314628985 ], [ 5.362804803090881, 4.887970689305959 ], [ 5.033574252959369, 5.611802476418234 ], [ 4.325607130560684, 6.270651149923467 ], [ 3.574180128604553, 6.258300482605719 ], [ 2.691701694356254, 6.258817246928629 ], [ 2.74906253420022, 7.870734361192888 ] ] ] } },
{ "type": "Feature", "properties": { "pop_est": 7965055, "continent": "Africa", "name": "Togo", "iso_a3": "TGO", "gdp_md_est": 11610.0 }, "geometry": { "type": "Polygon", "coordinates": [ [ [ 0.772335646171484, 10.470808213742359 ], [ 1.077795037448738, 10.175606594275024 ], [ 1.425060662450136, 9.825395412633 ], [ 1.46304284018467, 9.334624335157088 ], [ 1.664477573258381, 9.128590399609379 ], [ 1.618950636409238, 6.832038072126238 ], [ 1.865240512712319, 6.142157701029731 ], [ 1.060121697604927, 5.928837388528876 ], [ 0.836931186536333, 6.279978745952149 ], [ 0.570384148774849, 6.914358628767189 ], [ 0.490957472342245, 7.411744289576475 ], [ 0.712029249686879, 8.312464504423829 ], [ 0.461191847342121, 8.677222601756014 ], [ 0.365900506195885, 9.465003973829482 ], [ 0.367579990245389, 10.19121287682718 ], [ -0.049784715159944, 10.706917832883931 ], [ 0.023802524423701, 11.018681748900804 ], [ 0.899563022474069, 10.99733938236426 ], [ 0.772335646171484, 10.470808213742359 ] ] ] } },
{ "type": "Feature", "properties": { "pop_est": 27499924, "continent": "Africa", "name": "Ghana", "iso_a3": "GHA", "gdp_md_est": 120800.0 }, "geometry": { "type": "Polygon", "coordinates": [ [ [ -0.049784715159944, 10.706917832883931 ], [ 0.367579990245389, 10.19121287682718 ], [ 0.365900506195885, 9.465003973829482 ], [ 0.461191847342121, 8.677222601756014 ], [ 0.712029249686879, 8.312464504423829 ], [ 0.490957472342245, 7.411744289576475 ], [ 0.570384148774849, 6.914358628767189 ], [ 0.836931186536333, 6.279978745952149 ], [ 1.060121697604927, 5.928837388528876 ], [ -0.507637905265938, 5.343472601742675 ], [ -1.063624640294194, 5.000547797053812 ], [ -1.964706590167594, 4.710462144383371 ], [ -2.856125047202397, 4.994475816259509 ], [ -2.81070146321784, 5.38905121502411 ], [ -3.244370083011262, 6.250471503113502 ], [ -2.983584967450327, 7.379704901555513 ], [ -2.562189500326241, 8.219627793811483 ], [ -2.827496303712707, 9.642460842319778 ], [ -2.963896246747112, 10.395334784380083 ], [ -2.940409308270461, 10.962690334512558 ], [ -1.203357713211432, 11.009819240762738 ], [ -0.761575893548183, 10.936929633015055 ], [ -0.438701544588582, 11.098340969278722 ], [ 0.023802524423701, 11.018681748900804 ], [ -0.049784715159944, 10.706917832883931 ] ] ] } },
{ "type": "Feature", "properties": { "pop_est": 24184810, "continent": "Africa", "name": "Côte d'Ivoire", "iso_a3": "CIV", "gdp_md_est": 87120.0 }, "geometry": { "type": "Polygon", "coordinates": [ [ [ -7.899589809592372, 10.297382106970828 ], [ -7.622759161804809, 10.147236232946796 ], [ -6.850506557635057, 10.138993841996239 ], [ -6.666460944027548, 10.430810655148449 ], [ -6.493965013037268, 10.411302801958271 ], [ -6.205222947606431, 10.524060777219134 ], [ -6.050452032892267, 10.096360785355444 ], [ -5.816926235365287, 10.222554633012194 ], [ -5.404341599946974, 10.370736802609146 ], [ -4.954653286143099, 10.152713934769736 ], [ -4.779883592131966, 9.821984768101743 ], [ -4.330246954760383, 9.610834865757141 ], [ -3.980449184576685, 9.8623440617217 ], [ -3.511898972986273, 9.90032623945622 ], [ -2.827496303712707, 9.642460842319778 ], [ -2.562189500326241, 8.219627793811483 ], [ -2.983584967450327, 7.379704901555513 ], [ -3.244370083011262, 6.250471503113502 ], [ -2.81070146321784, 5.38905121502411 ], [ -2.856125047202397, 4.994475816259509 ], [ -3.311084357100071, 4.984295559098015 ], [ -4.008819545904942, 5.179813340674315 ], [ -4.649917364917911, 5.168263658057086 ], [ -5.834496222344526, 4.993700669775137 ], [ -6.528769090185847, 4.705087795425015 ], [ -7.518941209330436, 4.338288479017308 ], [ -7.71215938966975, 4.364565944837722 ], [ -7.635368211284031, 5.188159084489456 ], [ -7.539715135111763, 5.313345241716519 ], [ -7.570152553731688, 5.707352199725904 ], [ -7.993692592795881, 6.126189683451543 ], [ -8.311347622094019, 6.193033148621083 ], [ -8.60288021486862, 6.46756419517166 ], [ -8.385451626000574, 6.911800645368743 ], [ -8.48544552248535, 7.39520783124307 ], [ -8.439298468448698, 7.686042792181738 ], [ -8.280703497744938, 7.687179673692157 ], [ -8.221792364932199, 8.123328762235573 ], [ -8.299048631208564, 8.316443589710303 ], [ -8.20349890790088, 8.455453192575447 ], [ -7.832100389019188, 8.575704250518626 ], [ -8.079113735374349, 9.376223863152035 ], [ -8.309616461612251, 9.789531968622441 ], [ -8.229337124046822, 10.129020290563901 ], [ -8.029943610048619, 10.206534939001713 ], [ -7.899589809592372, 10.297382106970828 ] ] ] } },
{ "type": "Feature", "properties": { "pop_est": 12413867, "continent": "Africa", "name": "Guinea", "iso_a3": "GIN", "gdp_md_est": 16080.0 }, "geometry": { "type": "Polygon", "coordinates": [ [ [ -13.217818162478238, 12.575873521367967 ], [ -12.499050665730564, 12.332089952031057 ], [ -12.27859900557344, 12.354440008997287 ], [ -12.203564825885634, 12.465647691289405 ], [ -11.658300950557932, 12.386582749882836 ], [ -11.513942836950591, 12.442987575729418 ], [ -11.456168585648271, 12.076834214725338 ], [ -11.297573614944511, 12.077971096235771 ], [ -11.03655595543826, 12.211244615116515 ], [ -10.870829637078215, 12.17788747807211 ], [ -10.593223842806282, 11.92397532800598 ], [ -10.165213792348837, 11.844083563682744 ], [ -9.890992804392013, 12.060478623904972 ], [ -9.567911749703214, 12.194243068892476 ], [ -9.327616339546012, 12.334286200403454 ], [ -9.127473517279583, 12.308060411015333 ], [ -8.90526485842453, 12.088358059126437 ], [ -8.786099005559464, 11.812560939984706 ], [ -8.376304897484914, 11.393645941610629 ], [ -8.581305304386774, 11.136245632364805 ], [ -8.620321010767128, 10.810890814655183 ], [ -8.407310756860028, 10.909256903522762 ], [ -8.282357143578281, 10.792597357623846 ], [ -8.33537716310974, 10.494811916541934 ], [ -8.029943610048619, 10.206534939001713 ], [ -8.229337124046822, 10.129020290563901 ], [ -8.309616461612251, 9.789531968622441 ], [ -8.079113735374349, 9.376223863152035 ], [ -7.832100389019188, 8.575704250518626 ], [ -8.20349890790088, 8.455453192575447 ], [ -8.299048631208564, 8.316443589710303 ], [ -8.221792364932199, 8.123328762235573 ], [ -8.280703497744938, 7.687179673692157 ], [ -8.439298468448698, 7.686042792181738 ], [ -8.722123582382125, 7.71167430259851 ], [ -8.926064622422004, 7.309037380396376 ], [ -9.208786383490846, 7.313920803247953 ], [ -9.40334815106975, 7.526905218938907 ], [ -9.337279832384581, 7.928534450711354 ], [ -9.755342169625834, 8.541055202666925 ], [ -10.016566534861255, 8.428503933135232 ], [ -10.23009355309128, 8.406205552601293 ], [ -10.505477260774668, 8.348896389189605 ], [ -10.494315151399633, 8.715540676300435 ], [ -10.654770473665891, 8.977178452994195 ], [ -10.622395188835041, 9.267910061068278 ], [ -10.839151984083301, 9.688246161330369 ], [ -11.11748124840733, 10.045872911006285 ], [ -11.917277390988659, 10.046983954300558 ], [ -12.150338100625005, 9.858571682164381 ], [ -12.425928514037565, 9.835834051955956 ], [ -12.59671912276221, 9.620188300001971 ], [ -12.71195756677308, 9.342711696810767 ], [ -13.246550258832515, 8.903048610871508 ], [ -13.685153977909792, 9.49474376061346 ], [ -14.074044969122282, 9.886166897008252 ], [ -14.330075852912371, 10.015719712763968 ], [ -14.579698859098258, 10.214467271358515 ], [ -14.693231980843505, 10.656300767454042 ], [ -14.839553798877944, 10.876571560098141 ], [ -15.130311245168173, 11.040411688679526 ], [ -14.685687221728898, 11.527823798056488 ], [ -14.382191534878729, 11.509271958863692 ], [ -14.121406419317779, 11.677117010947697 ], [ -13.900799729863776, 11.678718980348748 ], [ -13.743160773157413, 11.811269029177412 ], [ -13.828271857142125, 12.142644151249044 ], [ -13.718743658899513, 12.247185573775511 ], [ -13.700476040084325, 12.586182969610194 ], [ -13.217818162478238, 12.575873521367967 ] ] ] } },
{ "type": "Feature", "properties": { "pop_est": 1792338, "continent": "Africa", "name": "Guinea-Bissau", "iso_a3": "GNB", "gdp_md_est": 2851.0 }, "geometry": { "type": "Polygon", "coordinates": [ [ [ -16.147716844130585, 12.547761542201187 ], [ -15.816574266004254, 12.515567124883347 ], [ -15.54847693527401, 12.628170070847347 ], [ -13.700476040084325, 12.586182969610194 ], [ -13.718743658899513, 12.247185573775511 ], [ -13.828271857142125, 12.142644151249044 ], [ -13.743160773157413, 11.811269029177412 ], [ -13.900799729863776, 11.678718980348748 ], [ -14.121406419317779, 11.677117010947697 ], [ -14.382191534878729, 11.509271958863692 ], [ -14.685687221728898, 11.527823798056488 ], [ -15.130311245168173, 11.040411688679526 ], [ -15.664180467175527, 11.458474025920795 ], [ -16.085214199273565, 11.52459402103824 ], [ -16.314786749730203, 11.80651479740655 ], [ -16.30894731288123, 11.95870189050612 ], [ -16.613838263403281, 12.170911159712702 ], [ -16.677451951554573, 12.384851589401052 ], [ -16.147716844130585, 12.547761542201187 ] ] ] } },
{ "type": "Feature", "properties": { "pop_est": 4689021, "continent": "Africa", "name": "Liberia", "iso_a3": "LBR", "gdp_md_est": 3881.0 }, "geometry": { "type": "Polygon", "coordinates": [ [ [ -8.48544552248535, 7.39520783124307 ], [ -8.385451626000574, 6.911800645368743 ], [ -8.60288021486862, 6.46756419517166 ], [ -8.311347622094019, 6.193033148621083 ], [ -7.993692592795881, 6.126189683451543 ], [ -7.570152553731688, 5.707352199725904 ], [ -7.539715135111763, 5.313345241716519 ], [ -7.635368211284031, 5.188159084489456 ], [ -7.71215938966975, 4.364565944837722 ], [ -7.974107224957251, 4.355755113131963 ], [ -9.004793667018674, 4.8324185245922 ], [ -9.913420376006684, 5.593560695819207 ], [ -10.765383876986645, 6.140710760925558 ], [ -11.438779466182055, 6.785916856305747 ], [ -11.199801805048279, 7.105845648624737 ], [ -11.146704270868383, 7.396706447779536 ], [ -10.695594855176481, 7.939464016141088 ], [ -10.23009355309128, 8.406205552601293 ], [ -10.016566534861255, 8.428503933135232 ], [ -9.755342169625834, 8.541055202666925 ], [ -9.337279832384581, 7.928534450711354 ], [ -9.40334815106975, 7.526905218938907 ], [ -9.208786383490846, 7.313920803247953 ], [ -8.926064622422004, 7.309037380396376 ], [ -8.722123582382125, 7.71167430259851 ], [ -8.439298468448698, 7.686042792181738 ], [ -8.48544552248535, 7.39520783124307 ] ] ] } },
{ "type": "Feature", "properties": { "pop_est": 6163195, "continent": "Africa", "name": "Sierra Leone", "iso_a3": "SLE", "gdp_md_est": 10640.0 }, "geometry": { "type": "Polygon", "coordinates": [ [ [ -12.71195756677308, 9.342711696810767 ], [ -12.59671912276221, 9.620188300001971 ], [ -12.425928514037565, 9.835834051955956 ], [ -12.150338100625005, 9.858571682164381 ], [ -11.917277390988659, 10.046983954300558 ], [ -11.11748124840733, 10.045872911006285 ], [ -10.839151984083301, 9.688246161330369 ], [ -10.622395188835041, 9.267910061068278 ], [ -10.654770473665891, 8.977178452994195 ], [ -10.494315151399633, 8.715540676300435 ], [ -10.505477260774668, 8.348896389189605 ], [ -10.23009355309128, 8.406205552601293 ], [ -10.695594855176481, 7.939464016141088 ], [ -11.146704270868383, 7.396706447779536 ], [ -11.199801805048279, 7.105845648624737 ], [ -11.438779466182055, 6.785916856305747 ], [ -11.70819454593574, 6.860098374860726 ], [ -12.428098924193819, 7.26294200279203 ], [ -12.949049038128194, 7.798645738145738 ], [ -13.124025437868482, 8.163946438016978 ], [ -13.246550258832515, 8.903048610871508 ], [ -12.71195756677308, 9.342711696810767 ] ] ] } },
{ "type": "Feature", "properties": { "pop_est": 20107509, "continent": "Africa", "name": "Burkina Faso", "iso_a3": "BFA", "gdp_md_est": 32990.0 }, "geometry": { "type": "Polygon", "coordinates": [ [ [ -5.470564947929006, 10.951269842976048 ], [ -5.197842576508648, 11.37514577885014 ], [ -5.220941941743121, 11.713858954307227 ], [ -4.427166103523803, 12.542645575404295 ], [ -4.28040503581488, 13.228443508349741 ], [ -4.006390753587226, 13.472485459848116 ], [ -3.522802700199861, 13.337661647998615 ], [ -3.10370683431276, 13.541266791228594 ], [ -2.967694464520577, 13.79815033615151 ], [ -2.191824510090385, 14.246417548067356 ], [ -2.001035122068771, 14.559008287000893 ], [ -1.066363491205664, 14.973815009007765 ], [ -0.515854458000348, 15.116157741755728 ], [ -0.26625729003058, 14.924308986872148 ], [ 0.374892205414682, 14.92890818934613 ], [ 0.295646396495101, 14.444234930880654 ], [ 0.429927605805517, 13.988733018443924 ], [ 0.993045688490071, 13.335749620003824 ], [ 1.024103224297477, 12.851825669806574 ], [ 2.177107781593776, 12.625017808477535 ], [ 2.154473504249921, 11.940150051313339 ], [ 1.935985548519881, 11.641150214072553 ], [ 1.447178175471066, 11.547719224488858 ], [ 1.243469679376489, 11.110510769083461 ], [ 0.899563022474069, 10.99733938236426 ], [ 0.023802524423701, 11.018681748900804 ], [ -0.438701544588582, 11.098340969278722 ], [ -0.761575893548183, 10.936929633015055 ], [ -1.203357713211432, 11.009819240762738 ], [ -2.940409308270461, 10.962690334512558 ], [ -2.963896246747112, 10.395334784380083 ], [ -2.827496303712707, 9.642460842319778 ], [ -3.511898972986273, 9.90032623945622 ], [ -3.980449184576685, 9.8623440617217 ], [ -4.330246954760383, 9.610834865757141 ], [ -4.779883592131966, 9.821984768101743 ], [ -4.954653286143099, 10.152713934769736 ], [ -5.404341599946974, 10.370736802609146 ], [ -5.470564947929006, 10.951269842976048 ] ] ] } },
{ "type": "Feature", "properties": { "pop_est": 2051363, "continent": "Africa", "name": "Gambia", "iso_a3": "GMB", "gdp_md_est": 3387.0 }, "geometry": { "type": "Polygon", "coordinates": [ [ [ -15.624596320039942, 13.623587347869559 ], [ -15.39877031092446, 13.860368760630919 ], [ -15.081735398813819, 13.876491807505985 ], [ -14.687030808968487, 13.630356960499784 ], [ -14.376713833055788, 13.625680243377374 ], [ -14.046992356817482, 13.794067898000449 ], [ -13.844963344772408, 13.505041612192002 ], [ -14.277701788784555, 13.280585028532244 ], [ -14.712197231494628, 13.298206691943777 ], [ -15.141163295949468, 13.509511623585238 ], [ -15.511812506562933, 13.278569647672867 ], [ -15.691000535534995, 13.270353094938457 ], [ -15.931295945692211, 13.130284125211332 ], [ -16.841524624081273, 13.151393947802561 ], [ -16.713728807023472, 13.594958604379855 ], [ -15.624596320039942, 13.623587347869559 ] ] ] } },
{ "type": "Feature", "properties": { "pop_est": 11403800, "continent": "Africa", "name": "Tunisia", "iso_a3": "TUN", "gdp_md_est": 130800.0 }, "geometry": { "type": "Polygon", "coordinates": [ [ [ 7.612641635782182, 33.344114895148962 ], [ 7.524481642292244, 34.09737641045146 ], [ 8.0, 34.527594968198194 ], [ 8.0, 33.061930225550377 ], [ 7.612641635782182, 33.344114895148962 ] ] ] } },
{ "type": "Feature", "properties": { "pop_est": 40969443, "continent": "Africa", "name": "Algeria", "iso_a3": "DZA", "gdp_md_est": 609400.0 }, "geometry": { "type": "Polygon", "coordinates": [ [ [ -8.665124477564191, 27.589479071558227 ], [ -8.665589565454809, 27.656425889592356 ], [ -8.674116176782974, 28.841288967396579 ], [ -7.059227667661958, 29.579228420524601 ], [ -6.060632290053774, 29.731699734001694 ], [ -5.242129278982787, 30.000443020135592 ], [ -4.859646165374471, 30.501187649043846 ], [ -3.690441046554724, 30.896951605751156 ], [ -3.647497931320146, 31.637294012980675 ], [ -3.068980271812648, 31.724497992473218 ], [ -2.616604783529567, 32.094346218386193 ], [ -1.30789913573787, 32.262888902306102 ], [ -1.124551153966308, 32.651521511357132 ], [ -1.388049282222596, 32.864015000941379 ], [ -1.733454555661467, 33.919712836232122 ], [ -1.792985805661715, 34.527918606091305 ], [ -2.169913702798624, 35.16839630791668 ], [ -1.208602871089056, 35.714848741187097 ], [ -0.127454392894606, 35.888662421200806 ], [ 0.503876580415209, 36.301272894835279 ], [ 1.466918572606545, 36.605647081034405 ], [ 3.161698846050825, 36.78390493422522 ], [ 4.81575809084913, 36.865036932923459 ], [ 5.320120070017794, 36.716518866516623 ], [ 6.261819695672613, 37.110655015606739 ], [ 7.330384962603971, 37.118380642234371 ], [ 7.737078484741005, 36.885707505840216 ], [ 8.0, 36.909051376206641 ], [ 8.0, 34.527594968198194 ], [ 7.524481642292244, 34.09737641045146 ], [ 7.612641635782182, 33.344114895148962 ], [ 8.0, 33.061930225550377 ], [ 8.0, 21.176957835492281 ], [ 5.677565952180686, 19.601206976799716 ], [ 4.267419467800039, 19.155265204336999 ], [ 3.158133172222705, 19.057364203360038 ], [ 3.1466610042539, 19.693578599521445 ], [ 2.683588494486429, 19.856230170160117 ], [ 2.06099083823392, 20.142233384679486 ], [ 1.823227573259032, 20.610809434486043 ], [ -1.550054897457613, 22.792665920497384 ], [ -4.923337368174231, 24.974574082941 ], [ -8.684399786809053, 27.395744126896005 ], [ -8.665124477564191, 27.589479071558227 ] ] ] } },
{ "type": "Feature", "properties": { "pop_est": 80594017, "continent": "Europe", "name": "Germany", "iso_a3": "DEU", "gdp_md_est": 3979000.0 }, "geometry": { "type": "MultiPolygon", "coordinates": [ [ [ [ 7.466759067422231, 47.620581976911808 ], [ 7.593676385131062, 48.333019110703717 ], [ 8.0, 48.883325143065569 ], [ 8.0, 47.616192029383754 ], [ 7.466759067422231, 47.620581976911808 ] ] ], [ [ [ 6.658229607783568, 49.20195831969157 ], [ 6.186320428094177, 49.463802802114515 ], [ 6.242751092156993, 49.902225653678727 ], [ 6.043073357781111, 50.128051662794235 ], [ 6.15665815595878, 50.803721015010581 ], [ 5.988658074577813, 51.851615709025054 ], [ 6.589396599970826, 51.852029120483394 ], [ 6.842869500362383, 52.228440253297549 ], [ 7.092053256873896, 53.144043280644894 ], [ 6.905139601274129, 53.482162177130647 ], [ 7.100424838905269, 53.693932196662672 ], [ 7.936239454793963, 53.748295803433791 ], [ 8.0, 53.6724902179241 ], [ 8.0, 49.030471922292897 ], [ 6.658229607783568, 49.20195831969157 ] ] ] ] } },
{ "type": "Feature", "properties": { "pop_est": 8236303, "continent": "Europe", "name": "Switzerland", "iso_a3": "CHE", "gdp_md_est": 496300.0 }, "geometry": { "type": "Polygon", "coordinates": [ [ [ 7.755992058959833, 45.824490057959309 ], [ 7.273850945676656, 45.776947740250776 ], [ 6.843592970414505, 45.991146552100609 ], [ 6.500099724970426, 46.429672756529442 ], [ 6.022609490593538, 46.272989813820473 ], [ 6.037388950229001, 46.725778713561866 ], [ 6.768713820023606, 47.287708238303701 ], [ 6.736571079138059, 47.541801255882845 ], [ 7.192202182655507, 47.449765529971017 ], [ 7.466759067422231, 47.620581976911808 ], [ 8.0, 47.616192029383754 ], [ 8.0, 45.972100355410369 ], [ 7.755992058959833, 45.824490057959309 ] ] ] } },
{ "type": "Feature", "properties": { "pop_est": 594130, "continent": "Europe", "name": "Luxembourg", "iso_a3": "LUX", "gdp_md_est": 58740.0 }, "geometry": { "type": "Polygon", "coordinates": [ [ [ 6.242751092156993, 49.902225653678727 ], [ 6.186320428094177, 49.463802802114515 ], [ 5.897759230176348, 49.442667141307112 ], [ 5.674051954784829, 49.529483547557504 ], [ 5.782417433300907, 50.09032786722122 ], [ 6.043073357781111, 50.128051662794235 ], [ 6.242751092156993, 49.902225653678727 ] ] ] } },
{ "type": "Feature", "properties": { "pop_est": 11491346, "continent": "Europe", "name": "Belgium", "iso_a3": "BEL", "gdp_md_est": 508600.0 }, "geometry": { "type": "Polygon", "coordinates": [ [ [ 6.043073357781111, 50.128051662794235 ], [ 5.782417433300907, 50.09032786722122 ], [ 5.674051954784829, 49.529483547557504 ], [ 4.799221632515724, 49.985373033236371 ], [ 4.286022983425084, 49.907496649772554 ], [ 3.588184441755658, 50.378992418003563 ], [ 3.123251580425688, 50.780363267614547 ], [ 2.658422071960274, 50.796848049515745 ], [ 2.513573032246143, 51.148506171261829 ], [ 3.314971144228537, 51.345780951536085 ], [ 3.31501148496416, 51.34577662473805 ], [ 3.314971144228537, 51.34575511331991 ], [ 4.047071160507528, 51.26725861266857 ], [ 4.973991326526914, 51.475023708698131 ], [ 5.606975945670001, 51.037298488969782 ], [ 6.15665815595878, 50.803721015010581 ], [ 6.043073357781111, 50.128051662794235 ] ] ] } },
{ "type": "Feature", "properties": { "pop_est": 17084719, "continent": "Europe", "name": "Netherlands", "iso_a3": "NLD", "gdp_md_est": 870800.0 }, "geometry": { "type": "Polygon", "coordinates": [ [ [ 7.092053256873896, 53.144043280644894 ], [ 6.842869500362383, 52.228440253297549 ], [ 6.589396599970826, 51.852029120483394 ], [ 5.988658074577813, 51.851615709025054 ], [ 6.15665815595878, 50.803721015010581 ], [ 5.606975945670001, 51.037298488969782 ], [ 4.973991326526914, 51.475023708698131 ], [ 4.047071160507528, 51.26725861266857 ], [ 3.314971144228537, 51.34575511331991 ], [ 3.31501148496416, 51.34577662473805 ], [ 3.830288527043137, 51.620544542031951 ], [ 4.705997348661185, 53.091798407597764 ], [ 6.074182570020923, 53.510403347378144 ], [ 6.905139601274129, 53.482162177130647 ], [ 7.092053256873896, 53.144043280644894 ] ] ] } },
{ "type": "Feature", "properties": { "pop_est": 10839514, "continent": "Europe", "name": "Portugal", "iso_a3": "PRT", "gdp_md_est": 297100.0 }, "geometry": { "type": "Polygon", "coordinates": [ [ [ -8.67194576662672, 42.134689439454959 ], [ -8.263856980817792, 42.28046865495034 ], [ -8.013174607769912, 41.790886135417125 ], [ -7.422512986673795, 41.792074693359837 ], [ -7.251308966490824, 41.918346055665047 ], [ -6.668605515967656, 41.883386949219584 ], [ -6.389087693700915, 41.381815497394655 ], [ -6.851126674822552, 41.111082668617527 ], [ -6.864019944679385, 40.330871893874829 ], [ -7.026413133156595, 40.184524237624245 ], [ -7.066591559263529, 39.711891587882775 ], [ -7.498632371439726, 39.629571031241809 ], [ -7.098036668313128, 39.030072740223787 ], [ -7.374092169616318, 38.373058580064921 ], [ -7.029281175148796, 38.075764065089771 ], [ -7.166507941099865, 37.803894354802225 ], [ -7.537105475281024, 37.428904323876239 ], [ -7.453725551778092, 37.097787583966067 ], [ -7.855613165711986, 36.838268540996268 ], [ -8.382816127953689, 36.978880113262463 ], [ -8.898856980820327, 36.868809312480778 ], [ -8.746101446965554, 37.651345526676607 ], [ -8.83999752443988, 38.266243394517616 ], [ -9.287463751655224, 38.358485826158599 ], [ -9.526570603869715, 38.737429104154913 ], [ -9.446988898140233, 39.39206614842837 ], [ -9.048305223008427, 39.755093085278773 ], [ -8.977353481471681, 40.159306138665812 ], [ -8.768684047877102, 40.760638943030187 ], [ -8.79085323733031, 41.184334011391257 ], [ -8.990789353867569, 41.543459377603639 ], [ -9.034817674180246, 41.880570583659676 ], [ -8.67194576662672, 42.134689439454959 ] ] ] } },
{ "type": "Feature", "properties": { "pop_est": 48958159, "continent": "Europe", "name": "Spain", "iso_a3": "ESP", "gdp_md_est": 1690000.0 }, "geometry": { "type": "Polygon", "coordinates": [ [ [ -7.537105475281024, 37.428904323876239 ], [ -7.166507941099865, 37.803894354802225 ], [ -7.029281175148796, 38.075764065089771 ], [ -7.374092169616318, 38.373058580064921 ], [ -7.098036668313128, 39.030072740223787 ], [ -7.498632371439726, 39.629571031241809 ], [ -7.066591559263529, 39.711891587882775 ], [ -7.026413133156595, 40.184524237624245 ], [ -6.864019944679385, 40.330871893874829 ], [ -6.851126674822552, 41.111082668617527 ], [ -6.389087693700915, 41.381815497394655 ], [ -6.668605515967656, 41.883386949219584 ], [ -7.251308966490824, 41.918346055665047 ], [ -7.422512986673795, 41.792074693359837 ], [ -8.013174607769912, 41.790886135417125 ], [ -8.263856980817792, 42.28046865495034 ], [ -8.67194576662672, 42.134689439454959 ], [ -9.034817674180246, 41.880570583659676 ], [ -8.984433152695672, 42.592775173506269 ], [ -9.392883673530648, 43.026624660812701 ], [ -7.97818966310831, 43.748337714200993 ], [ -6.754491746436756, 43.567909450853925 ], [ -5.411886359061597, 43.574239813809683 ], [ -4.347842779955783, 43.403449205085039 ], [ -3.517531704106091, 43.455900783861303 ], [ -1.901351284177764, 43.422802028978339 ], [ -1.502770961910528, 43.034014390630432 ], [ 0.338046909190581, 42.57954600683955 ], [ 0.701590610363894, 42.795734361332606 ], [ 1.826793247087153, 42.343384711265692 ], [ 2.985998976258458, 42.473015041669861 ], [ 3.039484083680549, 41.892120266276905 ], [ 2.091841668312185, 41.226088568683096 ], [ 0.810524529635188, 41.014731960609339 ], [ 0.721331007499401, 40.678318386389236 ], [ 0.106691521819869, 40.123933620762017 ], [ -0.278711310212941, 39.30997813573272 ], [ 0.111290724293838, 38.73851430923304 ], [ -0.467123582349103, 38.292365831041153 ], [ -0.683389451490598, 37.642353827457825 ], [ -1.438382127274849, 37.443063666324221 ], [ -2.146452602538119, 36.674144192037289 ], [ -3.415780808923387, 36.65889964451118 ], [ -4.368900926114719, 36.677839056946155 ], [ -4.995219285492212, 36.324708156879637 ], [ -5.377159796561457, 35.946850083961465 ], [ -5.866432257500904, 36.029816596006057 ], [ -6.236693894872175, 36.367677110330334 ], [ -6.520190802425404, 36.942913316387319 ], [ -7.453725551778092, 37.097787583966067 ], [ -7.537105475281024, 37.428904323876239 ] ] ] } },
{ "type": "Feature", "properties": { "pop_est": 5011102, "continent": "Europe", "name": "Ireland", "iso_a3": "IRL", "gdp_md_est": 322000.0 }, "geometry": { "type": "Polygon", "coordinates": [ [ [ -6.032985398777611, 53.153164170944351 ], [ -6.788856573910849, 52.260117906292336 ], [ -8.561616583683559, 51.669301255899356 ], [ -9.977085740590269, 51.820454820353078 ], [ -9.166282517930782, 52.864628811242682 ], [ -9.688524542672454, 53.881362616585299 ], [ -8.327987433292009, 54.664518947968631 ], [ -7.785145761977605, 55.0 ], [ -7.521527402819705, 55.0 ], [ -7.366030646178785, 54.595840969452723 ], [ -7.572167934591064, 54.059956366586 ], [ -6.953730231138067, 54.073702297575636 ], [ -6.197884894220991, 53.867565009163364 ], [ -6.032985398777611, 53.153164170944351 ] ] ] } },
{ "type": "Feature", "properties": { "pop_est": 62137802, "continent": "Europe", "name": "Italy", "iso_a3": "ITA", "gdp_md_est": 2221000.0 }, "geometry": { "type": "Polygon", "coordinates": [ [ [ 7.850766635783144, 43.767147935555244 ], [ 7.435184767291872, 43.693844916349221 ], [ 7.549596388386107, 44.127901109384808 ], [ 7.007562290076635, 44.254766750661361 ], [ 6.749955275101655, 45.028517971367577 ], [ 7.096652459347837, 45.333098863295888 ], [ 6.802355177445605, 45.708579820328637 ], [ 6.843592970414505, 45.991146552100609 ], [ 7.273850945676656, 45.776947740250776 ], [ 7.755992058959833, 45.824490057959309 ], [ 8.0, 45.972100355410369 ], [ 8.0, 43.88701111660788 ], [ 7.850766635783144, 43.767147935555244 ] ] ] } },
{ "type": "Feature", "properties": { "pop_est": 64769452, "continent": "Europe", "name": "United Kingdom", "iso_a3": "GBR", "gdp_md_est": 2788000.0 }, "geometry": { "type": "MultiPolygon", "coordinates": [ [ [ [ -6.953730231138067, 54.073702297575636 ], [ -7.572167934591064, 54.059956366586 ], [ -7.366030646178785, 54.595840969452723 ], [ -7.521527402819705, 55.0 ], [ -6.43415219330583, 55.0 ], [ -5.661948614921968, 54.554603176483809 ], [ -6.197884894220991, 53.867565009163364 ], [ -6.953730231138067, 54.073702297575636 ] ] ], [ [ [ -3.092079637047107, 53.404440822963579 ], [ -2.945008510744344, 53.984999701546712 ], [ -3.614700825433033, 54.600936773292574 ], [ -3.630005458989331, 54.615012925833014 ], [ -4.844169073903061, 54.790971177786844 ], [ -5.028271698011911, 55.0 ], [ -1.398077851112461, 55.0 ], [ -1.11499101399221, 54.624986477265395 ], [ -0.4304849918542, 54.464376125702188 ], [ 0.184981316742039, 53.325014146531032 ], [ 0.469976840831805, 52.929999498092002 ], [ 1.681530795914682, 52.739520168664001 ], [ 1.559987827164321, 52.099998480836007 ], [ 1.050561557630942, 51.806760565795685 ], [ 1.449865349950244, 51.289427802121907 ], [ 0.550333693045502, 50.765738837275876 ], [ -0.787517462558696, 50.77498891865622 ], [ -2.489997524414434, 50.500018622431242 ], [ -2.956273972984093, 50.696879991247044 ], [ -3.617448085942385, 50.228355617872751 ], [ -4.542507900399244, 50.341837063185665 ], [ -5.245023159191135, 49.959999904981089 ], [ -5.776566941745273, 50.159677639356858 ], [ -4.309989793301895, 51.210001125689189 ], [ -3.414850633142123, 51.42600861266925 ], [ -3.422719467108379, 51.426848167406092 ], [ -4.98436723471093, 51.593466091511004 ], [ -5.267295701508942, 51.991400458374585 ], [ -4.222346564134909, 52.301355699261364 ], [ -4.77001339356417, 52.840004991255626 ], [ -4.579999152026971, 53.495003770555172 ], [ -3.093830673788716, 53.404547400669685 ], [ -3.092079637047107, 53.404440822963579 ] ] ] ] } },
{ "type": "Feature", "properties": { "pop_est": 6943739, "continent": "South America", "name": "Paraguay", "iso_a3": "PRY", "gdp_md_est": 64670.0 }, "geometry": { "type": "Polygon", "coordinates": [ [ [ -57.8706739976178, -20.732687676681952 ], [ -57.937155727761294, -22.090175876557172 ], [ -56.881509568902899, -22.282153822521479 ], [ -56.473317430229393, -22.086300144135283 ], [ -55.797958136606908, -22.356929620047822 ], [ -55.610682745981144, -22.655619398694846 ], [ -55.517639329639636, -23.571997572526637 ], [ -55.400747239795422, -23.956935316668805 ], [ -55.02790178080955, -24.001273695575229 ], [ -54.652834235235133, -23.839578138933959 ], [ -54.292959560754518, -24.021014092710729 ], [ -54.293476325077449, -24.570799655863965 ], [ -54.428946092330591, -25.162184747012166 ], [ -54.625290696823576, -25.739255466415514 ], [ -54.788794928595053, -26.621785577096134 ], [ -55.695845506398157, -27.387837009390864 ], [ -56.486701626192996, -27.548499037386293 ], [ -57.609759690976141, -27.395898532828387 ], [ -58.618173590719749, -27.123718763947096 ], [ -57.633660040911131, -25.603656508081642 ], [ -57.777217169817938, -25.16233977630904 ], [ -58.807128465394982, -24.771459242453311 ], [ -60.02896603050403, -24.032796319273274 ], [ -60.846564704009914, -23.880712579038292 ], [ -62.685057135657885, -22.249029229422387 ], [ -62.291179368729225, -21.051634616787393 ], [ -62.265961269770798, -20.513734633061276 ], [ -61.786326463453769, -19.633736667562964 ], [ -60.043564622626491, -19.342746677327426 ], [ -59.115042487206111, -19.356906019775401 ], [ -58.183471442280506, -19.868399346600363 ], [ -58.166392381408045, -20.176700941653678 ], [ -57.8706739976178, -20.732687676681952 ] ] ] } },
{ "type": "Feature", "properties": { "pop_est": 33986655, "continent": "Africa", "name": "Morocco", "iso_a3": "MAR", "gdp_md_est": 282800.0 }, "geometry": { "type": "Polygon", "coordinates": [ [ [ -1.792985805661715, 34.527918606091305 ], [ -1.733454555661467, 33.919712836232122 ], [ -1.388049282222596, 32.864015000941379 ], [ -1.124551153966308, 32.651521511357132 ], [ -1.30789913573787, 32.262888902306102 ], [ -2.616604783529567, 32.094346218386193 ], [ -3.068980271812648, 31.724497992473218 ], [ -3.647497931320146, 31.637294012980675 ], [ -3.690441046554724, 30.896951605751156 ], [ -4.859646165374471, 30.501187649043846 ], [ -5.242129278982787, 30.000443020135592 ], [ -6.060632290053774, 29.731699734001694 ], [ -7.059227667661958, 29.579228420524601 ], [ -8.674116176782974, 28.841288967396579 ], [ -8.665589565454809, 27.656425889592356 ], [ -8.817828334986672, 27.656425889592356 ], [ -8.794883999049077, 27.120696316022507 ], [ -9.41303748212448, 27.088476060488574 ], [ -9.735343390328879, 26.860944729107405 ], [ -10.189424200877582, 26.860944729107405 ], [ -10.551262579785273, 26.990807603456886 ], [ -11.392554897497007, 26.883423977154393 ], [ -11.718219773800357, 26.104091701760623 ], [ -12.030758836301629, 26.030866197203068 ], [ -12.50096269372537, 24.7701162785782 ], [ -13.891110398809047, 23.691009019459305 ], [ -14.221167771857253, 22.310163072188161 ], [ -14.630832688851072, 21.860939846274903 ], [ -14.750954555713534, 21.500600083903663 ], [ -17.002961798561088, 21.420734157796577 ], [ -17.020428432675772, 21.422310288981578 ], [ -16.973247849993243, 21.885744533774982 ], [ -16.589136928767687, 22.158234361250095 ], [ -16.261921759495635, 22.679339504481277 ], [ -16.326413946995899, 23.017768459560898 ], [ -15.982610642958036, 23.723358466074046 ], [ -15.426003790742186, 24.359133612561038 ], [ -15.089331834360735, 24.520260728446999 ], [ -14.824645148161665, 25.103532619725343 ], [ -14.800925665739726, 25.63626496022232 ], [ -14.439939947964831, 26.254418443297652 ], [ -13.773804897506466, 26.618892320252314 ], [ -13.13994177901435, 27.640147813420526 ], [ -13.121613369914769, 27.654147671719841 ], [ -12.618836635783111, 28.038185533148692 ], [ -11.688919236690765, 28.148643907172527 ], [ -10.900956997104402, 28.83214223888092 ], [ -10.399592251008642, 29.098585923777819 ], [ -9.564811163765683, 29.933573716749891 ], [ -9.814718390329176, 31.17773550060906 ], [ -9.434793260119363, 32.038096421836485 ], [ -9.300692918321886, 32.564679266890664 ], [ -8.657476365585012, 33.240245266242425 ], [ -7.654178432638219, 33.697064927702513 ], [ -6.912544114601417, 34.110476386037476 ], [ -6.244342006851411, 35.145865383437524 ], [ -5.92999426921989, 35.75998810479399 ], [ -5.193863491222032, 35.755182196590852 ], [ -4.591006232105144, 35.330711981745594 ], [ -3.640056525070065, 35.399855048152006 ], [ -2.604305792644084, 35.179093329401155 ], [ -2.169913702798624, 35.16839630791668 ], [ -1.792985805661715, 34.527918606091305 ] ] ] } },
{ "type": "Feature", "properties": { "pop_est": 1218208, "continent": "North America", "name": "Trinidad and Tobago", "iso_a3": "TTO", "gdp_md_est": 43570.0 }, "geometry": { "type": "Polygon", "coordinates": [ [ [ -61.105, 10.89 ], [ -60.895, 10.855 ], [ -60.935, 10.11 ], [ -61.77, 10.0 ], [ -61.95, 10.09 ], [ -61.66, 10.365 ], [ -61.68, 10.76 ], [ -61.105, 10.89 ] ] ] } }
]
}
